adaptation_id,release_year,release_quarter,runtime,budget,original_language,primary_genre,genres,n_genres,production_countries,n_companies,company_ids,n_cast,n_crew,in_collection,keyword_ids,cast_ids,director_id,revenue
D0001,2023,4,125,40000000,en,Drama,Drama|History,2,US,3,Cb01204cf|C462ad368|C2cfc7182,33,163,False,Kdc87c7d5|K2c862459|K595f8623|K7f2e9124|K3dfddd9d|K102ea89d|Ka7d922de|K34adfa83,P098619b4|P8ec9521f|P95165658|P13eca2c3|P31009716,Pd4551c6e,54401583.0
D0002,2018,2,120,110000000,en,Action,Action|Comedy|Adventure,3,US,4,C6c4fcc11|Ccb37e8a6|Cc9bda6ce,72,523,True,Kcc343814|K04f1877b|Ka6194240|K13a62eac|K923101f0|K19a14feb|K3676f124|Kfcbf608c,P6b87f42a|Pc6b524b9|P9e2725c7|P08861a79|Pfa2b6a69,P2f14421d,785896632.0
D0003,2018,3,115,20000000,en,Thriller,Thriller|Comedy|Mystery,3,CA|US,2,C14fe6e45|Cf44a9b69,54,109,True,Kc5a122eb|K1451c5af|K56c900d4|Ka646ca77|Ka5e5d456|Kb07e6bae|Kc9e5c2e6|Kbea00521,P852e3feb|P4fc0ff75|Pf765b4e9|P99efd3c1|Pa6cbe985,P224abeff,97644617.0
D0004,2019,1,115,20000000,en,Comedy,Comedy|Romance,2,US,3,Cacdfeed1|Cd5aa615a|Cdae3edac,51,121,False,Kc3529256|K2ff67a32|Kd2e65341|K612dab15|K1355f779|K8069284a|Kb22c9d96|K093f674c,Pc94a193b|P20eb7835|P2341c0a4|Pa07c36d1|P9f7d68f2,P71a85149,69766483.0
D0005,2023,4,130,20000000,en,Drama,Drama|Comedy|Thriller,3,GB|US,3,C8884a179|C6944d896|Ca5bc80cd,30,109,False,Kc8aa65cd|K85110bcc|K443b5d4d|K7cf176e8|K0d6bdfd0|K94571983|Ka646ca77|K50b811b6,P21036f9c|P642abf04|P34b1521d|Pe693233a|P5590ed60,P16451c7a,21013738.0
D0006,2018,4,130,60000000,en,Drama,Drama|Comedy|History,3,US,3,C8e445836|Cf729283b|C3762b402,101,147,False,K9bd9c4c0|Kfb526a76|Kc62bc6d3|K16bd1157|K4385ab38|K218aa488|Kdf5e07da|K4f7f609b,P1716f909|P2b24b1d6|P4be68e2c|P14f62872|P0c752a18,Pa2f257bd,76100000.0
D0007,2024,4,115,38500000,cn,Action,Action|Drama|Crime|Thriller,4,CN|HK,7,Cb8320916|C8d31fe2a|Cf11fbe7d,27,24,False,Kd2e5bc2f|Kc9d5bef6|K5b07d285|K595f8623|K6ed603be|K27a0cee4|Kae8764d8|Kdc9b47b0,P00eb740c|Pc9534aa4|Pa626b6e2|Pb2ba2a9a|P7dbf90f3,P00eb740c,128093757.0
D0008,2020,1,95,50000000,en,Horror,Horror|Science Fiction|Action|Adventure,4,US,3,Cd5934ffd|Cc9bda6ce|Ce5b5fbdb,9,253,False,K038c8dca|Kf1fb5fdc|K17f57509|K31d9a28c|Kddaadb9a|Kaf306dc5|Kee7d3574|K7c75bfad,Pff66170f|P11383cde|P943af81c|P26b83a5a|Pd6b9f072,Pae6a1530,40882928.0
D0009,2023,4,105,3000000,en,Romance,Romance|Comedy,2,US,4,Cb9a364d4|C9ff64259|C4f36f40a,7,34,False,K058625bc|K4786f4fd|Kcbf64eb9,Pf8a6242d|P301fb6b8|P0980158a|Pffa2ef30|P572d244d,Pf8a6242d,3370345.0
D0010,2021,3,110,6600000,fr,Drama,Drama|Thriller|Horror,3,BE|FR,5,C9a352184|C8f3c086a|Cd82ca60e,20,57,False,K3f0adf56|K59cab57a|K058b893b|K7652162c|Ka2122fa4|Kd40899dc|Kcbf64eb9|K9c2c92ae,P88af1958|P3021c3b5|P6affcbdc|P0bfc4812|P295967d7,P6cd331a5,4982335.0
D0011,2018,3,115,44000000,zh,Action,Action|War,2,CN|HK,5,Ce42fdc9a|Cd5264938|C161ea8e9,10,67,False,K749b45f3|K6e305e52|K22bcfb2f|Kbfb59f64|K03735454|Kb8f04da9|Ka85aa475,Pe6250301|Pf4022c60|Pc75d25c7|P24773abd|P9b6211ec,P7e7a1042,91708374.0
D0012,2019,4,135,40000000,en,Drama,Drama|Romance,2,US,3,Cf4478484|Cc2c73c36|C0806e68a,75,165,False,K33e09618|K2b5d957d|K1451c5af|K2b27837b|K6878063f|K71bf1fc9|K54cbc9dd|Kf5038425,P975c4090|P187f1470|P44792d63|P1c946755|Pbdc89d4d,Pec9dd256,332103783.0
D0013,2023,2,100,3000000,en,Horror,Horror|Drama,2,US,2,C1506908b|C53c0fd0c,23,26,True,Ka6667dc5|K584ead66|Kd2fb819d|Kd98fa093|Ka2122fa4|K23a6eb92|K3d77d7e7|K90d23c94,Pf45a75a7|Pdb076cd0|P7185627d|P0f28284d|Pd3f27817,Pad15133b,5400000.0
D0014,2018,2,90,5000000,pl,Romance,Romance|Music|Drama,3,PL|GB|FR,12,C85645fc8|Cdefd97ca|C8f3c086a,12,57,False,K0fc9b725|K24eec40f|K9d999169|Keec6e143|Kfd95aca2|K2269cdc2|Kb5267b6e|Ka08a09e6,P4f8529c1|Paceb4f99|P3c17adaa|Pd0b69804|Pc0b1e344,P213db9c3,18754051.0
D0015,2024,2,95,2000000,en,Documentary,Documentary,1,US,2,Cf4d6a468|C261bbdea,11,17,True,K79a56504|K755126fd|K9092c8fe|Kfb2845a0|K403dabce|Kc72e1892|K19a14feb|K290c0ee2,Pa9eea9ff|P6c598698|P0c209d74|P59e4ebcc|P9112a3d7,P16eb00fc,28161.0
D0016,2018,2,120,200000000,en,Action,Action|Adventure|Animation|Family,4,US,1,C5f1dc623,84,261,True,K41adc54e|K04f1877b|K310d09f4|Kc720e141|K19a14feb|K88d14467|K9a7a2db0|Kbdcbb1cd,Pb1885140|P281a5f82|P419e5a1d|Pd27d9233|Pe94da565,P2a2a6f5b,1243225667.0
D0017,2025,4,215,24000000,hi,Action,Action|Crime|Thriller,3,IN,2,C1b21ff1e|Ca78d174e,48,140,True,K88562b4a|K1951e729|Kc62bc6d3|K3499aaa4|Ke4d9968a|K1c8c3939|K7e58d3a6|K6a3cb94b,Pbab7bff8|Pf9f8fd65|P59f24262|P3db000a1|P3732b00c,P6362e705,136599112.0
D0018,2020,4,120,38000000,en,Drama,Drama|Western|Adventure,3,US,4,C0dc701b8|C62d30c53|Cd7a83b16,32,68,False,K29e6a2b4|K1451c5af|Kf6d4d5a6|Kd081507d|K58cd70ff|Ka82ab652|K4b112d80|Kf5038425,Pd8b30691|P332a142e|P4992fbc0|Pf77acd69|P5d40c6a4,Pf667602e,12700000.0
D0019,2023,1,120,5000000,en,Comedy,Comedy|Drama|History,3,CA|US|FI,5,Cac0e716d|Cf32a2ad6|Cba127fdc,37,81,False,K1451c5af|K9a97b678|K6242b14c|K3af653b1|Kba7e4369|K4385ab38|K595f8623|Kd3c6a63a,P476f3956|P8b92e100|P5037bbe3|Pb66f2563|P70e1f767,P5037bbe3,2600000.0
D0020,2020,3,95,3000000,en,Comedy,Comedy,1,US,2,C077e4c3d|Cfdb65e50,54,87,False,K5daec4d9|Ka8a00e36,P0a751949|P4992fbc0|P72d4c630|P26571475|P61246d5a,P4992fbc0,1000000.0
D0021,2020,4,105,60000000,en,Action,Action|Fantasy|Adventure,3,CN|DE|JP|CA,5,C52374e12|Ca7e0a9d6|Cc685a996,19,18,False,Kddaadb9a|K1844dd3b|K5c69e7fa|Ka29c45c3|Kb4e75fa3|K58163da5|K8ab9f8b0|Kb8668b3a,P7ba65775|P439fa1f9|Pf7136100|Pd80b46a5|P26e9737a,P5257d233,42145959.0
D0022,2024,1,110,3000000,en,Comedy,Comedy|Drama,2,US,3,Cdc91c522|Cab07bf5c|C6944d896,50,80,False,Kde32259e|K8341e452|K5daec4d9|Kbe4cc7bb|K585e49eb|K6878063f|K0c2e638b|K2ec4a374,P5a5e7c90|P46b4fd2f|Pbf6cffe7|Pe7997fe6|Pc4647b56,P31145ca9,455708.0
D0023,2022,3,125,35000000,en,Science Fiction,Science Fiction|Horror|Mystery|Thriller,4,US,2,C336c2b47|C6988cd6a,41,199,False,Kb72c1940|Kedd80cbe|Ka7373373|K92b39d7d|K967a0a46|Kcbf64eb9|K5985944e|Kb5267b6e,P44792d63|Pa2c20550|Pb95440c1|Pc34f45e8|P21b029f2,Pc34f45e8,86700000.0
D0024,2018,2,120,35000000,en,Action,Action|Crime|Thriller,3,MX|US,5,C6e250e55|Cce339a34|Cf4478484,107,256,True,Kb8281719|K4d54a5a1|K9df93747|K72f63b48|K19a14feb|Ka82ab652|K20be92c5|K9749c839,P1ebfa909|Pc6b524b9|P4bdacc93|Pb271edee|Pe94da565,Pcc70bd8d,75836683.0
D0025,2019,1,100,12000000,en,Western,Western,1,BE|FR|IE|LU|GB,11,Cd039b4d7|Cd575d245|C2f82e598,29,34,False,Kb1b2d050|K1f18ba1d|Kc08c1256|Ka87308bc|K3c5b0610|K04101e2b|K1d3a8f5b|Kb318e1c8,Pa68f8508|Pe00a4034|P2afce26f|P7a480f2e|P5f7aa027,Pe68f53cd,106796.0
D0026,2025,1,110,15000000,en,Thriller,Thriller|Crime|Fantasy,3,PL,2,C74a46c64|C2466c636,14,43,False,K497a09fb|K4603cffd|Ke6e404c6|Kbfbd28e8|K3073fd44|K4fd69cdb|K8cab05a6|K78c4687d,P92c62ba7|P88ce8fad|P382faf55|P33fc676d|P9f7b7145,P2cce36c3,428925.0
D0027,2024,4,100,150000000,en,Adventure,Adventure|Animation|Comedy|Family|Fantasy,5,CA|US,2,C7ce0905f|Ce7aeaa8a,21,59,True,Kaa9e3589|K709db681|Kc720e141|K965d2159|K19a14feb|K6878063f|Ke2e01d1d|Kd6073f4e,Pb296d96a|P4da7c12b|Pf490b2b4|P571010b9|P2f4af81a,P2c9f39ed,1059242164.0
D0028,2018,4,115,25000000,en,Drama,Drama|History,2,US|CA,3,Cf44a9b69|Cae6aa207|C211a0104,83,27,False,Kc62bc6d3|K1d42b6b9|K88b30e7b|K08d4a276|K4385ab38|K595f8623|K34120150|K60e9ea0a,Pa70948d3|P20165b8b|P8b74a486|P1e7c5122|P200a04ea,P7b8d5df4,3300000.0
D0029,2020,4,95,65000000,en,Animation,Animation|Family|Adventure|Fantasy|Comedy,5,US,1,C586f6404,18,147,True,K19a14feb|K74f9fa70|Kfcbf608c|Kd6073f4e|K77cc8cd4|K53de674b|K15cbfc70|K0b4e9775,Pa2178ef1|P9a467338|P6b87f42a|Pe94da565|P5a51d88d,Pe090aadb,215905815.0
D0030,2023,4,90,625000,en,Horror,Horror,1,GB,6,Caf8bcdff|C5d84c6eb|C6775f232,9,19,False,K1451c5af,P36b0fdec|P05399aa7|Pd48fbca7|P450a359f|Pcc7ebcea,Pe00eb6f8,21524.0
D0031,2025,2,105,1500000,en,Drama,Drama|Comedy,2,US|FR|ES,7,Ce90628a8|Cf231d080|C79672cff,29,100,False,K5c0670e8|Kfaea2c22|K9cb98d13|Ka2fe4ac7|K2b27837b|Ka5e5d456|K21ad74de|K6e11d73b,Pc75e5861|Pae72e6f2|P32a14064|Pebd980a3|P175e91a0,Pc75e5861,2279895.0
D0032,2018,4,120,12000000,en,Romance,Romance|Drama,2,US,3,C8e445836|C3762b402|Ce90628a8,30,139,False,K33e09618|K1451c5af|K4603cffd|Ke578b0ae|Kb92f055f|K7da32c41|Kac7e1050|Kef81a966,P21b029f2|Pfdd0f64d|Pf0b8dc21|Pf15aa473|P9bcac85c,P2fdf21ca,20572691.0
D0033,2018,4,140,32000000,en,Thriller,Thriller|Mystery|Crime|Drama,4,US,3,Cc9bda6ce|Cafce55db|Ce5b5fbdb,38,170,False,K4d3b896d|Kfaea2c22|Ke33fde63|K6fb75ba3|K1c0a55a0|K7f49c806|K3f6bce59|K55218e6a,Pdfa9d578|P09778c4d|Pec818fa5|Pcaefda9d|P3ae377b1,Pcf7ac0d8,31882724.0
D0034,2022,3,140,18100000,ko,Action,Action|Drama|Thriller,3,KR,5,C627bd648|C45058c03|Cc902735c,172,46,False,K877e62a3|K424ad1c8|Kf00c2125|K41d70fae|K79e54a7e|K8db93575|K8d8dfc20|Kaf4058be,P636078df|P5e0ae373|P12a29c6f|Pf9636928|Pec32a92f,P5b051841,19200000.0
D0035,2023,1,90,2000000,en,Action,Action|Crime|Thriller,3,CA|US,4,C874164f2|Cb1ac0eed|C749cdb38,18,14,True,Kaf4058be|Kd9223e05|K584163a3|Kedcf72e1|K4006220c|K28b06a16|Kf37fb77b,Pbc324a94|Pf564ed67|P22d80b53|P4c841c0b|P6758afda,P44bdc263,36171.0
D0036,2025,2,95,100000000,en,Fantasy,Fantasy|Music|Comedy|Animation,4,US,1,C691c06b2,56,320,True,K4398eae0|Kdc3fd4cb|K5ebde1b5|K965d2159|Ka5e5d456|K6e11d73b|Kf0ee355f|Kd716b915,Ped19e5d2|P89c2651a|P5137ab0f|P2a520288|P7a13391a,Pebde5c0a,24619953.0
D0037,2018,2,115,3000000,en,Drama,Drama|Crime|Documentary,3,GB|US,4,C700d2a95|Ce5978d02|Ca0f8bd64,60,90,False,K33e09618|K5ca552b5|Kec8db847|Kb1823169|K4f7fe086|Kf190ea7f|K77f6b3c9|K4ad0064e,P289b71d5|P21036f9c|Ped954a09|P77f87141|Paa766c79,Pecd3fc82,2847319.0
D0038,2024,3,130,2500000,fr,Thriller,Thriller|Crime|Drama,3,IN|GB|DE|FR,6,Ce4f0be22|C5516b226|Caf9e0033,102,90,False,K56c900d4|K6e11d73b|K49066ce6|K74b6a678|K588f49cf|K6763936c,Pcee4e37a|P47860eef|Pa8cd4b15|P630b0d9f|P7bb4be1c,P437a7ccc,1097812.0
D0039,2025,3,110,18000000,en,Horror,Horror|Thriller|Mystery,3,US,4,Cf4478484|C7f4b55db|Ceba6d050,37,92,True,Kbeeaead5|K5cc21764|K19a14feb|K9a16fa02|K35fbf0b0|Ka2122fa4|K04b71262|Kd40899dc,Peede98d0|Pc6d32174|Pb7c6bea4|P0128948c|P141d18e0,P4a062cff,64808120.0
D0040,2018,3,95,15800000,en,Comedy,Comedy|Crime|Drama,3,US,6,Ca4bc0845|Ccb902284|Ce32ed091,58,146,False,Kd95b93ea|K4869d83d|Kf6d4d5a6|K595f8623|K25419d9e|Kcec27f06|Kb6228d22|K9691da33,P81f38d6e|Pddf47d8c|P45da86ac|P6f155c36|Pc3fa4428,P211807aa,11277120.0
D0041,2021,4,140,15000000,en,History,History|Drama|Action,3,GE|GB,2,C198bce19|Cfe03ce68,23,22,False,K648bad42|Kcaad487a|Kea290360|K99a79121|K5fcea8d1|Kaf4058be|K9749c839|Ka3e6ed10,Paca157ea|Pe41b9f73|P6db0cc57|P7b71604f|P13cf7e81,Pd5d304f6,74441.0
D0042,2022,3,105,4500000,en,Horror,Horror|Mystery|Thriller,3,US,5,Ce920aabb|C336c2b47|Cc2c73c36,21,72,False,K038c8dca|K0c537174|K3788e79b|Kb92f055f|Kd964a10b|Ka2122fa4|Kd6073f4e|K5bf1183a,Pe34d54df|P3d8c4551|P601e7607|Pae186e30|P6e7176b6,P450e6464,45400000.0
D0043,2025,4,120,220000000,en,Science Fiction,Science Fiction|Adventure|Action,3,US,2,C72b723b8|C6edf34bb,59,168,True,K497a09fb|K752e05e1|K33920a50|K1380573b|K19a14feb|K2795983b|Ke0d3ea10|K922ac521,P2f0b3e83|P83fe779d|P289b71d5|Pda93cf7b|P0fc830b6,P3107bc23,142249983.0
D0044,2025,2,100,150000000,en,Animation,Animation|Adventure|Science Fiction|Family|Comedy,5,US,1,C5f1dc623,24,184,False,Kc720e141|K4d0bc3a5|K6878063f|K64f39905|K059db1b2|K2d8d089b|Kfcbf608c|K12b1e72c,P519f704c|P427530c5|P3430b4ec|P887c8fa2|P0d287a67,P077df625,154291182.0
D0045,2018,3,140,18300000,ko,Action,Action|Adventure|Fantasy|Thriller,4,KR,7,Ce3546f41|C84c91bb5|C407c28d1,32,57,True,Ka42eba1d|Kf8bdf6e9|K554cf43d|K923101f0|K3091e024|Kcb25b9a0|Ke15a1d98|K94fecc9b,P60613b5e|Pd9a63492|P2f6e5890|P3e5d9c1b|P63f99a16,Pbaa13a02,112790210.0
D0046,2018,4,120,25000000,en,Drama,Drama,1,US,1,C3762b402,34,159,False,K1451c5af|K2c1bbb24|K65612631|K4385ab38|K595f8623|K32fa509c|K8b1e5356|K61da37ab,P4be68e2c|Pb2603a2b|P91ea8c55|P12c0d119|P2a9a4241,Pf85c923d,31749905.0
D0047,2019,4,110,20000000,en,Drama,Drama|Action|War,3,US,9,C61b4734a|Cd9b99a5b|C7590f659,50,153,False,K4d3b896d|K4062756d|K595f8623|K4235b14a|Ke771b278|K512e2926|K48c74f29|K353f2470,Pe38e74eb|Pa54c1475|P9cf8177c|Pceb538c7|P350f59fb,P635695ea,3364426.0
D0048,2023,4,110,30000000,en,Horror,Horror,1,US,4,Cd7a83b16|Cf0bcd2be|C8679e149,37,180,True,K1451c5af|K648bad42|K719e729e|K31d67b3d|K19a14feb|K313b854e|K6b9ad492|Kf0ee355f,P7d146051|Paf7b3733|P0ea99ea8|Paa766c79|P0f76b83b,Pbc25612e,136998069.0
D0049,2025,4,135,10000000,en,History,History|Drama|Music,3,US|GB|SE|CY|HU,13,Ca098d7ce|C8e445836|C4fcf8c61,51,193,False,K33e09618|Kb38c398c|Kb855a9d2|K965d2159|Kac7d7e89|K7f2dfe51|Kcbf64eb9|Ka97d0308,Pea05f72b|Pec818fa5|P6101b56d|P110d436f|Pbd43d5ee,Pb65f3e1d,4197171.0
D0050,2021,4,125,25900000,fr,Music,Music|Comedy|Drama|Family,4,FR|CA|BE,6,C20d60ce5|C68dc4e4e|C47d534f6,39,35,False,Ka240b893|K70d52960,Pafb50374|Pc31cf8d7|P47ac0783|P5aa0739f|P00e7bbc0,Pafb50374,11131254.0
D0051,2018,3,95,51000000,en,Adventure,Adventure|Drama,2,CA|US|CN,3,Cc495469f|Cf4478484|Ca81768df,17,189,False,K2ae7ec5e|K36fdfbba|K7b913106|Kd0cbe5a2|Kee7d3574|K74f9fa70|K6e781bd1|Kc32b961d,P853e9f27|Ped59aadc|P08838533|Pa840ef40|Pc3d4a66e,P58d0ade0,99630675.0
D0052,2024,2,165,15000000,en,Comedy,Comedy|Drama,2,IE|GB|US,5,Ca84d9ed9|C700d2a95|Ce5b5fbdb,35,152,False,Kb1b2d050|Ka646ca77|K1b65a087|K21c0bf96|K729957f8|K6f3f46ba|Kf61191fa|Ked2ac8c1,P9a467338|P1cb0d278|P9a2edffb|P5b287b1d|Pfd41ef43,P30c70211,16398509.0
D0053,2019,4,120,15600000,en,Comedy,Comedy,1,GB|US,3,C24ed6cdb|C700d2a95|C6768635a,39,94,False,Kef728c09|K1451c5af|K4062756d|K4b112d80|Kb318e1c8|K3fcaf8a7|K77cc8cd4|Ke1c7820d,P1c4e2561|P69540e44|P17934d14|Pae3524a1|Pe23d43ae,Pc3541bab,11620337.0
D0054,2025,3,160,175000000,en,Thriller,Thriller|Crime|Comedy,3,US,3,C2d54d9a7|C80cef579|Cfdb5f92f,104,394,False,K33ee741a|K1451c5af|Ke7fd3ddd|K72f63b48|K706bcd22|K4bf86b1a|K5ef5e3d1|Kca0722bc,P2cb99efe|Pd76d11b5|Pea386236|P1ebfa909|P7c5c9b52,P39845bd4,209377100.0
D0055,2023,1,135,27000000,en,Music,Music|Drama,2,US,8,C886ff4f6|C11a5cb4e|C6cfcd50e,39,27,False,Kc42414c8|K4603cffd|K4385ab38|Kee5864e6|Kdbccb24d|Kdcd23c99|K78c4687d|Ka08a09e6,P9ac95663|Pcea1bef6|Pc8c82034|P8e9d2cd0|P512b1938,Pd0951042,66284.0
D0056,2018,1,110,10000000,en,Comedy,Comedy|Action|Crime,3,US|AU,5,Cf59772e9|C44c3c82e|C6c8c3d94,30,182,False,K9136e8a9|K45dbe5a1|Ka82ab652|K4bb8e84a,P7eeac4fd|P098619b4|Pa9346d2f|Pea05f72b|P4b73cb04,P7a707f8e,11001627.0
D0057,2019,4,115,5000000,fr,Drama,Drama|Crime,2,FR|DE,5,Caf9e0033|C5af7551b|C9f0d44b9,17,24,False,,P672393d7|P98ae2ccd|P55d66bea|Pad56ca61|Pc47479d8,P79524883,878668.0
D0058,2024,4,110,20000000,en,Romance,Romance|Drama,2,GB,4,C700d2a95|Cc9478d6f|C76ddad9a,30,79,False,K33437310|K3affd9f7|Kd47abffe|Ke578b0ae|Keec6e143|K23e3c2ed|K1a8796e3|K9d42ff64,P3113812d|P44792d63|P720b6a6b|P8d08669c|P10cd06b3,Paebb4060,37182814.0
D0059,2019,1,85,100000000,en,Comedy,Comedy|Animation|Adventure|Family|Fantasy,5,ES|US,4,C507cfe58|Cbd577dde|C7a77827a,16,38,False,K242d9985|K6de58ed8|K9d403c70|K2102347c|K15cbfc70,P3cf83125|P368bda61|Pd42973cd|Pe08ce533|P6f446fdb,Pc4ca4c06,119559110.0
D0060,2022,2,125,295400000,en,Fantasy,Fantasy|Action|Adventure,3,US,2,Cc4089340|Cb57c426d,62,451,True,K79547cd1|K04f1877b|K923101f0|Kc4e63391|Kfcbf608c|Kd6073f4e|K9795fa06,P2402c04c|P76e28464|P422425f8|P5498c3a1|Pa4e72286,Pb8906202,955775804.0
D0061,2025,1,110,6000000,en,Family,Family|Drama,2,US,3,C9bc8f5f4|C78367188|C3a64e4b0,64,27,False,K2b5d957d|K1451c5af|K2691884d|K612c5674|K595f8623|K1f1ba69c|K6878063f|Kdd03555f,Pdfbf4c28|P3eed8a8d|Pb61a9ad4|Pc599c193|P377994a0,P70934cef,7511126.0
D0062,2021,3,95,11000000,en,Comedy,Comedy|Drama|History,3,FR|GB,4,C364a6cb1|Ccb5de721|Cbb4f882b,46,112,False,K9ca680bd|Ke67ddd4f,Pecc8fbbe|P2076b2ad|P8b03701e|P1f9d5e79|Pd4288e7a,Pf61371d2,14233027.0
D0063,2019,2,115,110000000,en,Comedy,Comedy|Science Fiction|Action|Adventure,4,CN|US,4,C9710581c|Cf0e478f8|Cf4478484,55,247,False,Kef728c09|K24eec40f|K901329ee|K1d56484f|K923101f0|K19a14feb|K2cef4d52|Kbbcbbe27,Pebd37a00|Pc622b9b8|P68b1717a|P2df0e450|Pb2614e2e,P04bcabef,253890701.0
D0064,2019,2,105,14000000,en,Drama,Drama|Romance,2,US,6,C5ad48627|C4ab2b754|C80433639,23,49,True,K1451c5af|Keec6e143|Kb9a6319c|K9d4a30d0|Kf5c1294f|K1bdc4d9d|Kf8e5ae24|Ked3e9197,P1ba057b5|P699f55b2|P9f7d68f2|P8a3ce8ff|Pb8526be3,Pba9b90c4,69497587.0
D0065,2022,4,115,20000000,en,Drama,Drama|Comedy,2,GB|US,4,Ca84d9ed9|C7632721f|C700d2a95,17,120,False,K5011ba81|K566c4248|K6be95c51|Ka646ca77|K744cd12c|K9b0a830c|K2132e20f|K376e0feb,P7b34c4be|P72092b5c|P14ca05b0|P21036f9c|Pa6fc9462,Pbafd66a1,49300000.0
D0066,2021,4,155,100000000,en,Drama,Drama|Romance|Crime,3,US,3,C69b3cd92|C9710581c|Ce5b5fbdb,124,141,False,K33e09618|K075bd6d3|Kb730b002|K44f3e3ef|Kb3ea3038|K4bc60f6a|K965d2159|Keb141b00,Pff290c0c|P3c56a1f8|P85bfd116|Pcd721161|P8913a237,Pcf894350,76016171.0
D0067,2024,4,90,3000000,en,Comedy,Comedy|Drama,2,PL|US,5,Ceb657e87|C077e4c3d|C8ba0da53,15,93,False,K9d87ed05|K293e5fac|K20a126ce|K6eadcfd9|Kb76fa970|K92ea4618|K91623a51|K8acf1509,Pd3bf69c1|P741e6594|P560a4303|Pf30b3bc1|Pd4f50ff0,Pd3bf69c1,24856027.0
D0068,2021,2,110,6800000,en,Drama,Drama|History,2,US,2,C96b217c9|C4b33222b,28,44,False,K4603cffd|Kba9fdaed|K595f8623|Kd2b3d6ce|Kbaca53ae|K4eb9ddbd|K1366fa91|K856fa3af,Pb3cd0383|P8cce6c28|P94602cc1|P8277d8b8|P9aee0f4b,P750443dd,23561.0
D0069,2020,3,100,6900000,fr,Romance,Romance|Drama,2,BE|FR,6,C44a1d88b|C4b0c1ae1|C32f8c506,14,55,False,K1451c5af|K137a6391|Kd8adcf43|K58378910|Kcf940fd1|K1dd7c969|Ka1bbe867|K1f41d544,Pccd857b2|P641c19f3|Pcd01233b|P5f201b76|P5adbf979,Pb40aabfb,3600000.0
D0070,2021,3,90,6400000,es,Animation,Animation|Comedy|Adventure|Family,4,MX,3,C01e38359|C1d7cf14c|C7f079ea9,25,7,True,K15cbfc70,Pa2175af9|Pdc6ba77a|P24402a57|Pf7465378|P3cfd9575,P22fb2a53,4093345.0
D0071,2025,2,155,7700000,te,Crime,Crime|Thriller|Action,3,IN,2,C7dd61bce|C3faaba08,54,40,True,K011bc215|Ke0b3c083|Kb0eb7eac|K1d4c290c,P7824bd15|P58299f8e|P225f1af8|Pfad8b6d7|Pacf1d9fa,P6cb6b477,14000000.0
D0072,2025,1,95,20000000,en,Horror,Horror|Thriller,2,US|CA|CZ,13,C47a47acd|C7f65325c|Cc413ddf9,8,115,False,K42cfc769|K71bf1fc9|K92b39d7d|Ke6f562f5|Keb45b062|K58dee7a6|K0519de25|K20495a36,P601e7607|Pdff627c7|Pc98a47bd|P822bdc09|Pff82c5c1,Pd8294e7a,4647059.0
D0073,2022,3,140,20000000,es,Drama,Drama|History|Crime,3,AR|GB,5,C65c1d7b0|Cfa8e9e6f|C5f88fbb4,105,205,False,K595f8623|K3ecd1201|K7da32c41|K84ad63f2|K78c4687d|K2ff3dcd2,P64cde4c2|Pb5e7f132|P327c00d1|P36132407|Pdc8c9bc9,P47834b94,58424000.0
D0074,2019,4,95,687000,en,Documentary,Documentary,1,US,3,C2754889c|C85e44b03|Cdc3bbc4c,21,4,False,,P4c27f472|Pfdc8a69c|P0d1beee0|Pa2f5f479|Pf2570d14,P97a80883,1291514.0
D0075,2023,4,85,8000000,en,Music,Music|Comedy,2,US,2,C7300e0bc|Cd5934ffd,19,54,False,K965d2159|Keb141b00|K60846bfa|K4013c5f1|K77f05966|K1dd7c969|K9ca8bfce|Kedc21b46,Pe45a064c|P0eaa157c|Pa09b464d|P6ef92a6d|P26b7802a,P2452d635,1472114.0
D0076,2023,1,115,1700000,en,Drama,Drama,1,IT|US,10,C265cb36e|C7309d6f9|C08a9aa2a,18,66,False,Kdcf0ed6d|K4062756d|K1514ad0f|K1dd7c969|K37760b63|Ka97d0308|Kbabebbc2|Ka56818f6,P810818bb|Pa9b844fc|Pf12557c1|P85501ae9|Pb1f2cb97,Pfc4b71aa,182000.0
D0077,2021,2,120,5000000,en,Crime,Crime|Drama|Thriller,3,US,7,C42fcef97|C8df7d0c9|Cd5595db5,39,47,False,Kac61b270|K2e975c63|K1c044cce|K717012d6|K4a35d6a0|K5375a1db|K422d2114|K75a1ea81,Pfb649c8d|P2707d5f8|Pd1d0ef39|P03bba2ac|P8e5da26f,P958743da,136579.0
D0078,2022,4,90,4000000,en,Thriller,Thriller|Drama|Romance,3,CA|US,4,Ce9a5c6c2|C61e6fb1e|C37b3b51b,19,147,False,K5011ba81|K2189fd3f|Ka5e5d456|K6eadcfd9|Kf15a18b8|Ka0085237|Kaad8af71|K8aca05ba,P852e3feb|P5ba40de3|P9536b96b|P53e8529b|P363aa051,P206cf97c,121067.0
D0079,2019,3,110,25000000,en,History,History|Family|Drama,3,CN|US,3,C6dfc8237|Cc685a996|Cf231d080,72,127,False,K5011ba81|K5daec4d9|K595f8623|Ka809a320|K6ae62070|K55f8265b|Kd6a6d374|Ka4687522,Pfe08897e|Pd8b30691|P2db253cf|P3e22f010|Pd340a4ac,P33125b76,67900000.0
D0080,2025,1,90,12000000,en,Animation,Animation|Comedy|Horror|Adventure|Science Fiction|Family,6,CA|FR|BE,8,Cf35f605f|C364c5ddd|C52f3d24a,17,38,False,K00b165eb|Ke7186c43|K8dfac82b|Kfcbf608c|K577d243d|Kfa7a66bc|K15cbfc70,P342a39d5|P56aac592|Pc4a7ec7e|P338a4ffd|P41888e45,P062dfe73,8860435.0
D0081,2024,2,120,10000000,en,Thriller,Thriller|Crime|Action,3,CA|SG|US,7,C6e250e55|Cf44a9b69|C363e9364,33,125,False,K51852249|K9df93747|K42432ad8|Kaec6324c|Kcbca53f2|K018c3a49|Ke5ecaf10|Kb96a53ec,P1c4e2561|Pbbb5ffd7|Pdc0ada00|Pb8e5d1b1|Pc7e76db1,P1c4e2561,35271631.0
D0082,2022,4,145,5000000,da,Drama,Drama,1,DK|FR|IS|SE,5,Cc5840f4b|Ca39a3378|Cc8ea0b7a,15,93,False,Kd7084ffe|Kc57bcd68|K0c144d39,P291f1231|P482145ce|Pfde59f41|P62760e5d|Pf6e8f23d,P6e0ccb2b,1560518.0
D0083,2023,3,80,1500000,fi,Romance,Romance|Drama|Comedy,3,FI|DE,3,Cfa218aa6|C8c424b71|Cd4ae3f35,41,37,False,K96ee2697|K45d12a23|K85110bcc|K1f1ba69c|Ke578b0ae|K0a8098b2|K3c6496bd|K3c524a73,P24aa4b0f|Pd80137ee|P1a71daf9|P68a607f8|P44b2debb,P31fa828f,12400000.0
D0084,2021,4,155,100000000,en,Drama,Drama|History|Thriller,3,US,3,C69b3cd92|C7928b7fc|C87cf6123,68,113,False,K5c0670e8|K1451c5af|K6ecc96df|K5daec4d9|Kd8adcf43|K595f8623|K554cf43d|K4b3cb02d,P9d23789b|Pee786644|P5ed392e6|Pcde62a4b|Pbf5c2ce2,P54540f1f,30552111.0
D0085,2018,1,105,10000000,en,Horror,Horror|Thriller,2,US,3,C48a2313c|Cf0bcd2be|Cd7a83b16,33,35,True,K10f8d267|K5ebde1b5|K37b23357|Ke7186c43|Ke099800e|K19a14feb|K04065198|Kd0483d39,Pbe79abb0|P30da69e2|Pc6ccb1bb|P8bdabcca|P947b8e45,Pda1834b9,172811971.0
D0086,2019,2,105,27000000,en,Horror,Horror,1,US,3,C7f8e8a34|C4a39b77e|C6988cd6a,28,125,True,K5ebde1b5|Ke7186c43|Kaa0b4eca|K19a14feb|K313b854e|K394322cb|K2c054ece|K932b08c6,Pd8696875|Pd02930ba|P4b88a3fe|P178ce74c|Pc62a7b92,P332d5684,231252591.0
D0087,2022,3,140,3900000,fr,Thriller,Thriller|Drama,2,FR|ES,5,Cca5764c9|Cbd2aed21|C83295ccc,40,38,False,,P5af85124|P672393d7|Pf652fc66|P409384bf|P0cca72b7,P76574656,10238603.0
D0088,2021,1,110,5000000,en,Drama,Drama,1,US,3,C79119dee|C56f0938f|Cd8f50b3a,48,81,False,Kb4468ac6|K4bf29bde|K1451c5af|Ke6a0d063|K16749310|K8a805548|K110f3ad2|K52016c09,Pf82a31ed|P8e1bdae6|Pbf181d8f|P77997410|P59f61a7f,P5b3b9177,39458207.0
D0089,2021,1,90,16000000,en,Action,Action|Thriller,2,US,3,C8cbdda54|Ccfdfc596|C089da3e6,56,139,True,K52525103|K4398eae0|K277a5e7d|K88e067de|K901329ee|K5852d5b1|Kf2e9adce|Ke64ecf1a,P3730669f|P17552a34|P655299b5|P65c2b572|P36374ee9,Pfa38388d,57512470.0
D0090,2022,1,105,1000000,en,Horror,Horror,1,US,2,C7300e0bc|C95b94465,14,141,True,K4bf29bde|K0f0db118|K27d5bfeb|K3380d21e|Ke63eacc3|K1b326384|K4603cffd|Kf6d4d5a6,Pf259f1a9|P9258b216|P731f2e79|P4ee125fb|P1ac7085d,P5647ae15,14745049.0
D0091,2025,3,85,22600000,en,Comedy,Comedy|Music,2,US,1,Ce4e76224,47,139,True,K656bf8b0|Kba7e4369|K19a14feb|Kf33b31dd|K7054c626|K165fbb60|K9020c44e|K293197c4,Pf4c89087|P6a2abb1a|P03d62b2a|P4bc483e6|P0b517bec,P4bc483e6,3344424.0
D0092,2025,4,130,34000000,en,Romance,Romance|Drama|Thriller|Music,4,GB|US,6,Cb3ed0225|C2670e320|C48ceb8ac,73,104,False,K526fab99|K1451c5af|Kc62bc6d3|K1ef0082a|K5daec4d9|K965d2159|Keb141b00|K683aa1bf,P906305c0|P1926c2d7|P91999fa3|Pa2175af9|Pc2922c22,P9956b2eb,1747220.0
D0093,2023,1,110,45000000,en,Comedy,Comedy|Drama|Romance,3,US,3,C2d54d9a7|Cb21477d1|Cd643632e,76,218,True,Kef728c09|K19a14feb|K8301bc61|Kaa020f23|K09fc5163|K3f723a11,P4390516d|Pb48255ea|Pe291f0d5|Pdf79af34|P4dd11815,Pd886c47f,52000000.0
D0094,2021,2,100,20000000,en,Mystery,Mystery|Science Fiction|Thriller,3,AU,1,C87288fa8,17,35,False,K3c6c8a8b,P460bb4ad|Pdbb30495|P361b5098|Pe14e5a51|P6b96d0f8,P9b5500c2,318989.0
D0095,2018,3,90,25000000,en,Action,Action|Adventure|Comedy,3,GB|US,2,C0110c455|C8b82b429,60,92,True,K3ba20b75|K33b2d0b2|K6ecc96df|Ka9306de8|K19a14feb|Kf047ea03|Kba73167d,P62db77cb|Pc793c726|P538763e6|Pe3b4e9ba|P1069d0f4,Pfc74f1aa,158972570.0
D0096,2025,2,110,100000000,en,Family,Family|Science Fiction|Comedy,3,US,2,C72b723b8|C097e47fd,67,90,True,Kb83ee9ca|K612c5674|K8d86fd42|K4d0bc3a5|Kb41468f7|K3b13f9cd|K9a7a2db0|K9f341887,P8d9b966b|Pb212cceb|P55065474|P27550147|P6995d76e,Pbba9f8d2,1038027526.0
D0097,2024,1,105,40000000,zh,Animation,Animation|Comedy|Science Fiction|Family,4,CN,1,C26dd943e,13,5,True,K3fcaf8a7|K3f6d843d|K6607a5ce|K9236afdf|K353f2470|Kc8d9ff01,P7864de51|P54b801ff|P7ba57d94|P8341ee70|P0125e8dc,P8dfd6e5e,275815986.0
D0098,2019,2,100,5000000,en,Horror,Horror|Thriller,2,US,2,Cf0bcd2be|Cbd72d1c1,37,114,True,Ke33fde63|K9136e8a9|Ka05e8854|Kedafcc66|K9a16fa02|K35fbf0b0|K04b71262|K92b39d7d,P457fc341|Pe8e35f2f|P5f97b002|P872110d4|Pea84c8b5,Pde4e7802,61220856.0
D0099,2024,3,100,2000000,zh,Science Fiction,Science Fiction|Comedy|Action,3,CN,3,Ca72e001c|C64e86492|Cbfba507b,23,15,False,K804bfd5b|Ke6231d48|K5f70b0fc,P649682e9|P60ceaf56|P01327f30|P4ab560e1|P454e2e4e,P18775290,15848000.0
D0100,2025,2,85,11000000,en,Horror,Horror|Action|Adventure|Thriller,4,AU,3,C4eaa9d93|Cddb3491e|C85a058a4,11,11,False,K9a5ab2bc|K8b2dd3ce|K4eb9ddbd|K19205102,Pdfdd5b3c|P872643ec|P10e2ee17|Pd86646ca|P787daa21,Pfb1f1831,311205.0
D0101,2023,3,90,10000000,en,Animation,Animation|Comedy|Family|Fantasy|TV Movie,5,CA|GB,8,C5ededbd2|C60d9c3f3|Cd4475473,17,31,False,K1451c5af|Ke7186c43|Ke099800e|K9a7a2db0|Kd653b7f5|K5780c65b|K4a62082e|Kfcefa174,P36b8752f|Peb18e715|Pe08f2c25|Pf904bde1|P339559a2,Pdb6b2219,3902737.0
D0102,2021,3,115,4100000,es,Comedy,Comedy|Drama,2,AR|ES,1,Cf8904c2a,25,39,False,,Pd761e806|Pfac84536|P1e962614|Pde91ab55|Pa7495441,Pfb1e05f6,4732705.0
D0103,2025,3,85,600000,en,Animation,Animation|Comedy|Science Fiction|Adventure,4,AU,4,C0a329436|Caff760a5|Cf3a86b29,31,12,False,K965d2159|K1dd7c969|K503f5c06|Kcbf64eb9|K5089758f|K6358e2dc|K293197c4|K93a8e165,P2f216a42|P99590a69|P9d5a7207|Pedae6ecf|P0f903d7f,P5d2f73a8,133520.0
D0104,2018,4,100,5200000,es,Comedy,Comedy,1,ES,3,C76218632|C03bf9635|Ce041b775,22,19,False,K04f1877b|Ka9306de8|K923101f0|Kbdcbb1cd,P94772e7c|Pae0c5aed|Ped0d9556|P97362523|P2e588046,P4bb87409,12496155.0
D0105,2020,4,135,16000000,en,Horror,Horror|Mystery|Thriller,3,ZA|US,3,C601e4d69|C4583a205|Cc9bda6ce,30,155,False,Kd0bf5062|Kb1aa9b34|K9ec3c94f|K2cb42185|K011bc215|Kb59164e1|Kedd80cbe|K923101f0,P3782b006|P7aa4f1d4|P56cbf097|Pa7a533dd|Pbeae25fe,Pa71e6a66,4796993.0
D0106,2019,1,110,6000000,en,Drama,Drama,1,US,0,,36,55,False,K1451c5af|K3f0adf56|K08b1cffe|K8ff3d7ad|K4385ab38|K595f8623|K675dda1c|K35fbf0b0,P272074f3|P23a360a9|P8ebe5f72|Pdb378f93|P2569d148,P75c41623,21600000.0
D0107,2018,4,140,70000000,en,History,History|Drama,2,US,4,Cd7a83b16|C70bb0a40|C8016c88c,90,153,False,K75b71e8e|K1451c5af|K50e48db4|K2c4719da|Kbe604f09|K443b5d4d|Ka96b9d40|K16f6df26,Pfc16b487|Pa940b229|P560c0d8f|P0026d4d8|P242b66fa,P54dab560,105713218.0
D0108,2022,4,100,12000000,en,Science Fiction,Science Fiction|Horror,2,US,3,C7f8e8a34|Cf0bcd2be|C07109199,26,120,True,K267cc427|K497a09fb|K9f1d9feb|K88a33e37|Ka0eac085|K04b71262|K4b112d80|Kd40899dc,Pbaacf99e|P78e12788|P0e1551cb|P0f7abd18|P1aa87010,P3082cb96,180089109.0
D0109,2018,2,95,2000000,en,Music,Music|Drama|Comedy|Family,4,US,4,C3049ae1a|C2b2eddd6|C3ec44829,20,49,False,K94571983|K8bb446de|K8069284a|Kb7911202|K9f1c1f4b|Keb45b062,Pf70b9f82|P7615fb88|Pbdc63578|P174e117d|Pfc95356a,P8e3004bd,2115765.0
D0110,2022,1,110,74000000,en,Action,Action|Adventure|Comedy,3,US,3,C31560391|Ccd9e21c6|Cca760baa,35,63,False,K9136e8a9|K4786f4fd|Ka43fbb3a|K2c1273dd|Ka355daca|Kaa7c929b|Kd6073f4e|K34ad86bc,Pbf6fd3c6|P4390516d|Pa9ffe9b7|Pbee47106|Pc5fe07a1,P655df15b,192907684.0
D0111,2018,4,125,25000000,en,Thriller,Thriller|History|Drama|Action,4,AU|SG|US|GB,10,C06868e0e|Cf3a86b29|Caff760a5,50,53,False,Kb1b2d050|K7c588f0f|K595f8623|Kcbcfea8c|Kd1d813b8|K71e4086c|Kf12beb2a|Kff6ca8f8,P1c4e2561|Pff9a122e|Pf9f94fa2|P3c480dfc|P34392fc0,Pc167318f,16900000.0
D0112,2022,3,100,1000000,en,Horror,Horror,1,US,2,C7300e0bc|C95b94465,12,123,True,Kd3d56b8a|K0f0db118|Kf7dd367f|Kaf5e7471|Kf6d4d5a6|Ke450125b|K63195295|Kd0483d39,Pf259f1a9|Pe4cca682|P40c62e26|P71c632da|Pbde23d71,P5647ae15,9847490.0
D0113,2021,1,115,200000000,en,Action,Action|Science Fiction|Adventure,3,US,1,Ceddfe7b0,48,177,True,Kddaadb9a|K940149f8|K0afca812|K7c52cfa4|K29233b6d|Kb06b397c|K5267d5b7|K67632d7d,Paa2143a1|Pc5159ea1|P82918f94|P538f06d6|P2a9d6571,P597262d5,470116094.0
D0114,2019,3,85,13500000,en,Horror,Horror|Thriller,2,RS|US,4,C37e5189e|Ca1500721|Ce725fae1,14,239,True,K841cd429|K0791e92e|K31d9a28c|Ke450125b|K0014db0b|Ka10ceebf|K032c98de|K3a9c092d,P78ed3f49|P8c5e34bb|P0468f002|Pd83161e7|P03a75b7b,P8575a01f,91542097.0
D0115,2024,2,145,1500000,en,Music,Music|Documentary,2,US,4,C8ccfd816|Cfb73bfee|Cd121c08f,28,29,False,K87469bb8|K58bc9b4d|K5fc71d40|K963ca0f3|Kf0ee355f|Ke5bf1985|K51a2d3c4|K24f8fd93,Pe312328c|P02561f08|P745dc2f9|P7b860b7e|P941cf2ef,P1d2406f2,4772954.0
D0116,2024,2,180,50000000,en,Western,Western|Drama,2,US,1,C3565b55a,95,227,True,Ke1a7ed2f|Kbbdeeb53|K50d76002|K06311639|Kf5038425|K1fcf18d1|Kd4a8707f|Kb318e1c8,P02f4f983|Pbf1ee1ef|P2707d5f8|P7d81cf61|P5a77ae3d,P02f4f983,38735702.0
D0117,2019,1,100,9000000,en,Horror,Horror|Mystery|Thriller,3,US,2,Cf4478484|C7f4b55db,30,122,True,K018324f1|K10f8d267|K71840e6c|K74f63ba2|K256da9de|K72f3cb2d|Kf9662bfb|Kbc6dd862,P408962d3|P87febe98|P1c66ef50|P76c21cd9|P6d1cdeb3,Pda1834b9,155712077.0
D0118,2025,4,135,15000000,en,History,History|Drama,2,US,5,C1b020c70|C0d5baacc|Cc20bc64f,46,75,False,K5b07d285|K595f8623|Kfd99c2f8|Ke431848f|Ke46302a6|Kcfd3e1e7|Kd6a6d374|K88bc14b4,P0aba55b2|P2e4d1f59|Pb9911480|P54aa63dd|P204b49cd,Pb92b3e1f,2343418.0
D0119,2022,2,85,5000000,en,Documentary,Documentary,1,US,2,Cf7635b16|C3972967b,22,12,False,K3ccb5600|Kb68093b1|Kae8764d8|Kaacc765a|Kbd3dd0a6,Paee63302|Pd6aebea6|P64011c8b|P2d9b4944|Pb2481534,Paee63302,1465513.0
D0120,2023,1,105,25000000,en,Action,Action|Adventure|Thriller,3,GB|US,5,Cb6df3ec4|Cac465b03|C88acf53d,43,141,False,K877e62a3|K424ad1c8|K07e4b8a5|K09a1566a|K314f8a92|K44cfc120,P979428ee|Pc2562806|P63897b0a|Pcc8379c0|Pccecb00f,Pe704a8ed,74515586.0
D0121,2019,2,100,8000000,en,Thriller,Thriller,1,US,2,C241e4f98|Ceba6d050,16,115,False,Kc2b5e04a|Ka05e8854|K56c900d4|K7cf176e8|K09d50f70|K4b802e88|Kafa89063|K35fbf0b0,P09fe7ca4|P7dcb8ebf|P0e1f3b2c|P4d35e007|P967c7ac4,P666f50a1,40600000.0
D0122,2019,3,110,11100000,ja,Animation,Animation|Drama|Fantasy|Romance,4,JP,7,C4fd609f8|Cf7403953|Ca27cade7,83,254,False,K94d1fa6a|K79547cd1|Kfae81169|K21b70957|Kff43a29c|Ka60df4c2|Kb8d455b5|Ke578b0ae,Pad295a1a|Pd69963f8|P15de245f|P250ca821|P186106b8,P15348e35,192729404.0
D0123,2018,1,105,30000000,en,Action,Action|Thriller|Mystery,3,US|FR|ES,3,C668b01c5|C06f5d049|Cd0fdcb0a,55,292,False,Kda5d0fe2|K4a10d49a,P1b4a1135|Pf3405eca|P5a9109c6|P07eeab3e|P20165b8b,Pa2798d77,119942387.0
D0124,2023,4,155,40000000,ko,War,War|Action|History|Drama,4,KR,1,C0edb12ac,40,36,True,Kf4862f2c|K20a6653c|K5157f68e|K71ac6f35,P5ebc332b|Pcd326d24|P0ba6bfe9|P668ec358|P1313909f,P8f0634c8,34210966.0
D0125,2018,1,130,2900000,hi,Thriller,Thriller|Crime|Drama,3,IN,1,Cc24c85d5,10,38,True,,P5b2bb021|P2a220d6e|Pb3d66bbf|P03b7ee13|Pcce35700,P83269275,3200000.0
D0126,2025,3,110,26000000,en,Thriller,Thriller|Action|Adventure,3,GB|US,5,C3faad6a8|C25fca537|C0120c2eb,20,12,False,,P1210b4c7|Pe8cc754b|P79955320|P1f8da6f4|Pe9704323,P079ad1d5,92691.0
D0127,2023,1,105,30000,en,Comedy,Comedy|Fantasy|Drama,3,US,0,,15,13,False,,P23e5fab0|P00caea9d|P1ef4b57c|Pf703c35a|Pb3602b20,P23e5fab0,32219.0
D0128,2021,3,110,43500000,en,Thriller,Thriller|Crime|Action,3,US,5,C6195cc77|C3218c230|C88acf53d,29,147,False,K0d25991c|Ke7dde3b3|Ka82ab652|K69c22497|Kcf0a200e|K6d9a65e1,P979428ee|P4cb5b658|P61ce9384|P90fc6e4b|Pd117e356,P82f51058,6807158.0
D0129,2025,4,145,210000000,en,Thriller,Thriller|Mystery|Comedy,3,US,1,Cdc91c522,36,120,True,Ka646ca77|K19a14feb|K0adfee98|K98c1dc1e|Kcdc51843|Keb48b0de|Kbf9ad760|K9133b60f,P3d5ce154|Pa1171ae1|P010e0927|Pc6b524b9|Pe08ce533,Pb023515b,4000000.0
D0130,2025,2,105,15000000,en,Horror,Horror|Mystery,2,US,6,Cb443c5f6|Cdf5d769d|C5aaef24f,18,47,False,K55cfa8fb|Kff9c5036|K08c790a4|Kee7d3574|K86ea730e|Ka6f21b1c|K8c3e480e|K04b71262,Pffb3c5ad|P178ce74c|Pc870bd60|P5137ab0f|Pf8003051,Pf0dd2585,54105064.0
D0131,2020,3,95,6100000,en,Comedy,Comedy|Romance,2,US,5,C2c8d27f6|C6aaadc7f|C2fbd0934,37,24,False,K8b1e5356,P40ada06d|Pc23dcaff|P10453301|Pf1e0a55b|P493edd35,P1f508579,769234.0
D0132,2023,2,155,294700000,en,Adventure,Adventure|Action,2,US,1,C3ea53bb0,82,209,True,K4d89505f|K96372f51|Kf6432100|K19a14feb|Kb92f055f|Kfd810dfe|Kf37f81c3|K09ac9303,Pfa43d9be|P7ffe55c8|Pa208cfd9|P163da70b|Pc0f3babc,P1783672c,383963057.0
D0133,2021,2,90,30000000,en,Adventure,Adventure|Animation|Family|Western,4,US,2,Cd7a83b16|C586f6404,19,11,True,Kd081507d|K844aa1cd|K6e11d73b|K242d9985|K577e9fe1|K3855800f|K15cbfc70,P4bdacc93|P62eda3c0|Pc239964c|Pd8696875|P80b4a9ed,Pf4af91c9,42717215.0
D0134,2024,1,110,8800000,fr,Science Fiction,Science Fiction|Comedy|Drama,3,BE|FR|DE|IT|PT,26,Ca4f36643|Cb14f3d41|C0d26f337,63,53,False,Kfcde7e75|K4a50d2fc,P09a052f7|P6f52465d|P8f28285d|Pe334e1ba|Pe1b0b36b,Pf0e6d46b,1293747.0
D0135,2018,4,135,15000000,es,Drama,Drama,1,GB|US,2,Cf4d6a468|C035979b1,22,52,False,Kd050940c|K4603cffd|K9d74c2f7|Kd47abffe|K2269cdc2|K0ef6400a|K145d59f2|K3f89b20c,P57cf703f|Pbd9c57ee|Pd892128a|P64dc127f|Peb59fcfe,Pa6dc9439,1140769.0
D0136,2025,3,130,4700000,kn,Animation,Animation|Action|Fantasy|Drama,4,IN,2,C763ff93f|C5e570ddd,21,11,True,K414153a3|K327c2479|Kf0ee355f|K4ede27fa|Kafe5c4b8|K6e96227b|K7a2b030d|Kcd601608,P71290f74|P0d58d1f6|Pafc6a28d|Pb11b6052|P23546d45,P9a4fdda3,36000000.0
D0137,2022,1,80,14000,en,Documentary,Documentary,1,US,1,C7c792f5a,4,2,False,,P34cc4106|P6ecf08da|Pd977ec33|Pb633b0c7,P34cc4106,72000.0
D0138,2019,3,95,6000000,en,Horror,Horror|Comedy,2,US,5,C903d49f7|Cac26d4e8|C9ea1bb4a,27,143,True,K66331d63|K5d4be2c3|K33437310|K98f891b6|K6a3cb94b|K4b5a4c1e|K6a651960|K35fbf0b0,Pfa24c087|P1651784d|P1e7c5122|P361cb6be|P23ac6758,P25d5f8f7,57615777.0
D0139,2020,4,95,9000000,en,Horror,Horror|Mystery,2,US,3,C2511323c|C06f5d049|C5352c0d0,14,10,False,K038c8dca|K2691884d|K5ebde1b5|K0a8098b2|K20ffc2d3|Kecf2430c|K9ab16e52,P18163a01|Pd6b9f072|Pd3fd7dd0|P3b2cc623|P74707ba8,P55ee139e,13182254.0
D0140,2022,3,95,14000000,en,Romance,Romance|Drama,2,US,4,C3faad6a8|C4ab2b754|Cc142bbaa,29,17,True,K1451c5af|K19a14feb|Keec6e143|Kb9a6319c|K3fcaf8a7,P1ba057b5|P699f55b2|P47f288af|Pc4e68ec0|P09b2ead0,Pa71ca5eb,19238073.0
D0141,2019,1,100,8000000,en,Western,Western|Drama|Action,3,US,2,Cc6b27107|C37eb051f,47,118,False,K27d5bfeb|K595f8623|Kdb1ef02f|K04101e2b|Kb318e1c8|K7fa000b8|K5cb22a20|K40eac279,P598f6582|P237b54bb|Ped342ebd|P38412f68|P81e8c3c4,P5552edf8,1561698.0
D0142,2018,1,140,69000000,en,Thriller,Thriller|Mystery,2,US,3,Cd5934ffd|Cc9bda6ce|Ce5b5fbdb,40,166,False,K4d54a5a1|K0c537174|K3b9d7d86|K1451c5af|Kf1fb5fdc|K33b2d0b2|Ke4d9968a|K0de19f1e,Pc35136a7|P098619b4|P039fb56f|Pc4d07f3f|P3af08c02,P91ee1ca1,151572634.0
D0143,2020,3,90,3500000,en,Horror,Horror|Thriller,2,US,2,C252f2500|Cd23e6a01,9,40,False,Kd1201357|K1382b415|Kf423db81|K4b802e88|K35fbf0b0|Ka2122fa4|K1b481c7f|K361bb812,Pad28a0f4|P58391045|Pc727cd7f|Pae29983d|P90fc6e4b,Pe2739e3c,4311042.0
D0144,2018,4,120,20000000,en,Drama,Drama|History,2,US,3,Cf4d6a468|C74cb8053|Cb7fd9c94,27,33,False,K4603cffd|K4385ab38|K595f8623|K67b30458|K7da32c41|Kb02aa6bc|K0cd1aa42|Kcbf64eb9,P36ae5580|Pff9a122e|P55160022|P782a82ff|Pe76df162,P0aa88768,38755968.0
D0145,2022,4,145,50000000,en,Music,Music|Drama,2,US,6,C378c43e9|Cce339a34|C6dfc8237,28,136,False,Ke9d21ca1|K65612631|K4385ab38|Kee5864e6|Ka240b893|K7f5cd5b6|K1dd7c969|K1f41d544,Pae72e6f2|Pd08da01d|Pae29ae2b|Pc2c24321|P496fa24d,Pc55f4234,59806881.0
D0146,2019,3,120,23900000,en,War,War|Drama|History,3,AU|GB|US,7,Cad2c054e|Cd8a940f0|Cecb4b555,59,174,False,K4d3b896d|K595f8623|Ka08a09e6|K6c36c0eb|Kca4a0b84|Kb6d062e8|Kb8f2d8a6,P8b568f45|Paeadf05c|P7e3d31ce|Pae60df36|P06a1974e,P1321713c,2078370.0
D0147,2022,4,115,3000000,en,Drama,Drama,1,US,2,C7300e0bc|C290c10a2,12,110,False,Kc6484f9a|K1d1c144f|K4d2815bf|K7c97d03a|K7db97ba9|Ka41a706f|Keb141b00|K41a7a4f7,P02dbf1fc|Pee4ad6a9|Pee36f2f6|Pfd41ef43|Pdd0e3f04,Pe5b33ad5,57615635.0
D0148,2023,2,95,70000000,en,Mystery,Mystery|Science Fiction|Thriller,3,GB|US,4,Cc495469f|C3b8ecf68|Ccb5de721,34,118,False,K7ba10602|K01084bd3|Kb1aa9b34|K0ce8845b|K25419d9e|Kc1028be6|K13475875|K79460dbf,Pcde62a4b|Pbc2fbf24|P416ef296|Pbf80fc0e|Pf86a08dd,Pf41db032,16014123.0
D0149,2024,2,145,9700000,ru,Science Fiction,Science Fiction|Adventure|Family,3,RU,8,C09de56da|Ce1575a99|C1ee60120,26,42,False,K1451c5af|K804bfd5b|Kabb9a69c,P45e84804|P93c319ef|P77d891ff|P80729e2b|P60e1b082,Pc1762d16,17757554.0
D0150,2024,3,140,17500000,en,Horror,Horror|Science Fiction,2,FR|GB|US,3,C0110c455|C9d9787d6|C8b82b429,120,156,False,K67c9210a|K755126fd|K17651dd4|Ka3109f27|K1fb4ebf8|Ka646ca77|Kf9183e59|Kba7e4369,P996ee40c|P5b287b1d|P967c7ac4|Pc704911f|P4e0bbe9b,Pae7a449d,77316812.0
D0151,2025,3,170,24000000,ta,Action,Action|Romance|Thriller,3,IN,1,C6dbe044c,23,51,False,Kf12beb2a|K23644e1e,Pdbc0fb8f|Paa8c29c7|Pb2a8520c|P6154ea3b|P3b219dcd,P4a57b068,736301.0
D0152,2024,3,130,55000000,en,Drama,Drama|Romance,2,US,3,Cf4478484|Cbbfb39ca|C5bdeee7d,18,107,False,K1451c5af|Kde32259e|Ka39c9365|K59cab57a|K7d313650|Kb92f055f|Keec6e143|K180c1ff4,P4fc0ff75|P2490182e|P17757d39|P1a7c506c|P6ffa730a,P2490182e,351441044.0
D0153,2024,2,110,28000000,en,Horror,Horror|Thriller|Comedy,3,US,4,Cc0db582f|C463db8a2|Cd7a83b16,9,131,False,Ke0fff442|Kffb9e482|K9136e8a9|Ka646ca77|K0fb1a4f2|Kb907c78c|K78c91626|K8dcf8807,P4a574205|Pad28a0f4|Pfcbbe1a0|Pe45b201f|P75e075f4,P25d5f8f7,43015969.0
D0154,2024,3,105,30000000,en,Crime,Crime|Thriller|Music,3,US,1,Cb3e71746,50,335,False,K87469bb8|Kb303ab6a|K4398eae0|K66331d63|K019c9d04|Ka0de5fc2|K3affd9f7|K08d1cdff,P28304cc9|P8dbe1690|P03e94d0c|Pb7d7c0f3|P5479d5de,P0e4432bf,83677281.0
D0155,2023,4,115,125000000,en,Comedy,Comedy|Family|Fantasy,3,GB|US,5,C2d54d9a7|C1246c604|Cebd6da23,52,238,True,K47dc8a72|K14cfc77b|Kdf445d66|K965d2159|Kd0483d39|Kd6073f4e|K3998fd78|K0b4e9775,Pb2603a2b|Peafe308c|P9d986198|P3f407781|P7c15fb49,P72188dc2,634502312.0
D0156,2021,4,105,20000000,en,Horror,Horror,1,US,4,Cf0bcd2be|Cf8f92f7f|C03178012,75,181,True,Ke7186c43|K19a14feb|K35fbf0b0|Ke492da05|Ka2122fa4|Ka69f7dd5|K04b71262|K88ffb92c,Pdd6d0097|Pdc0a48a7|Peba68a23|Pc3c17a64|Pf8ae38e3,Pbc25612e,133423964.0
D0157,2021,4,105,25000000,en,Action,Action|Horror|Science Fiction,3,DE|US|CA,3,Ca7e0a9d6|Ceba6d050|C01bdba25,33,168,False,K0e8f4232|Kb517b1a9|K7f284f24|Ka6194240|K9b10ff96|K8dfac82b|Kbf56ea30|K69c22497,P78ed3f49|Pb66b0129|Pcf440b87|P558cc586|Pfc7ac6e2,Pd06fcd79,41914915.0
D0158,2022,2,110,4300000,fr,Horror,Horror|Comedy,2,FR|JP|US|GB,7,Ce630ca1a|C97962520|C309fbfc4,24,88,False,K7fa3e137|K711d7177|K71bf1fc9|Kdd969d43|K85a3acf7|K8ba07073|K8dfac82b|Kdb64833b,Peb00d82e|P790d9cfe|P4e5677f6|P1b389e46|P8a59aee4,P6216fd23,2046233.0
D0159,2023,4,105,15000000,en,Drama,Drama|History|War,3,US|PL|GB,5,Cd558c8e0|C8ba0da53|C6c5419a9,65,181,False,Kb1b2d050|K1451c5af|K75a8b02f|K37a6001f|K20a126ce|K230a811e|K22ed0978|K695088c7,P982eee1e|P30a17cbe|P23624324|P13b0d0d2|P61fd5f98,P42acca35,52631884.0
D0160,2024,4,160,150000000,en,Drama,Drama|Romance|Fantasy,3,US,2,Cd7a83b16|C912e4a96,396,227,True,K55cfa8fb|K075bd6d3|K1451c5af|Kd63352e0|K94571983|K4b5d944f|K965d2159|Ka5e5d456,P09778c4d|Pb78dd7bf|P6458924a|P0801db85|Pea5da922,P051cea27,763963597.0
D0161,2023,1,110,20000000,en,Crime,Crime,1,FR|IE|ES|US,11,Ca68d6f89|C609cdb64|C69c093c6,35,37,False,Keb5e7681|K4642261b|Kaf98f72e|K3dfddd9d|Ke1a4d794,P1b4a1135|P8a81e10e|P2bab004c|Pf8af4a2a|Pc78e2f8c,Pa29f92aa,6262663.0
D0162,2024,2,90,8500000,en,Horror,Horror|Thriller,2,GB|US|ES,8,C7674ee9d|Cc8c9b9c5|Cb4d8871f,37,102,True,Kf3f28ea8|K71bf1fc9|K35fbf0b0|K04b71262|Ke64ecf1a|K3855800f|K258ba25d,Pd577f038|P0236c2b2|Pa7bee72e|P493c41b8|Paaa552d1,Pc9ab0a9c,48166448.0
D0163,2018,1,115,15000000,en,Thriller,Thriller|Drama,2,ZA|GB,5,C9c23a930|C7b8ee236|C78367188,13,31,False,K87d91188|Kd61cc882|K88ffb92c|K6ed603be|Ka845280c,P52cbfc7b|Pa357a9b4|Pe5e8d057|P6bee9e4d|Pffc04dca,P4f37dfbb,42213.0
D0164,2024,2,115,40000000,en,Crime,Crime|Drama,2,US,3,C8ee15533|Cfc1e76ab|Cc2c73c36,44,81,False,K018324f1|K1451c5af|K63569927|Kac61b270|K4603cffd|Kb0b641f3|K8705cd67|K6bf58623,Pe97e1010|P5ed392e6|P91f4f0f4|P58f4559e|P8913a237,P003d3506,36110860.0
D0165,2021,3,125,200000000,en,Fantasy,Fantasy|Comedy|Adventure,3,US,4,C72b723b8|C586639cb|C98c258fd,42,195,False,Kb2c2fb55|K7d6688ec|K816e85d2|Kd6798e1b|K2e8a8910,P4da7c12b|P87e54ca1|P54a9620e|P7b1a8357|P1cb0d278,Pa2798d77,220889446.0
D0166,2022,1,175,185000000,en,Crime,Crime|Mystery|Thriller,3,US,4,C650c8962|C35408f43|C81e00190,86,268,True,K0d25991c|Ka05e8854|K3d2b49b8|Ke3894268|K04f1877b|K4d23e9ec|K08d4a276|K923101f0,P5397a25c|Pb1a83eac|Pcfe2fbb3|P7b34c4be|P6d085933,P241ffa32,772775278.0
D0167,2019,4,110,5600000,fr,Action,Action|War|Adventure,3,BE|FR|IT|US,12,C59d316f7|Ca8152c36|Ce4f77d56,18,15,False,,P01a92dd0|Ped2018a1|P385f303f|Pd3ed8f72|Pae138e26,P836fd18e,540482.0
D0168,2020,1,115,12000000,en,Music,Music|Drama|Romance,3,US,3,Ce8aef54f|C78367188|C9bc8f5f4,38,32,False,K4385ab38|Ke578b0ae|Kea1b2910,Pd9213151|Pfe09a073|Pef7a75c5|P4b3bad5f|P97dd0a19,Pd185b6ed,16069730.0
D0169,2021,3,110,10000000,en,Drama,Drama|Music|Romance,3,FR|US,3,Cda1253e4|C364a6cb1|Cdaf34b4c,51,298,False,K01084bd3|K97613fbf|Kdd40b23e|Kd57e20ca|K2b27837b|K6878063f|K71bf1fc9|K0e1a3ef7,Pfdd71f00|Pcc2f4ff2|Pa48fa4ab|P6bd2f0a4|Pf54e8ba8,P3b938c11,1905058.0
D0170,2018,4,105,16000000,en,Romance,Romance|Comedy,2,US|CN,5,C242432d9|Cf4194661|Cd7a83b16,33,133,False,K33e09618|Kee6d5712|Kd1d71c7c|Kc9e5c2e6|K739b648b|Kc7392e0a|K1803d780|K4dd96fd3,P91999fa3|P5a6a43b8|P99c85139|P050bc953|Pd74bca30,P02eb8a2f,72282227.0
D0171,2023,3,170,7100000,hi,Action,Action|Drama,2,IN,2,C5e509dce|Cdae2f6a8,14,8,True,K19a14feb,P2a30c925|P1a2fcecd|P1d75ac7b|P4f9b3218|P2d403b14,P205320b9,2712109.0
D0172,2019,3,130,25300000,fr,History,History|Drama|Thriller,3,FR|IT,7,C2af01684|C47d534f6|C5af7551b,86,35,False,K1451c5af|K88562b4a|K75a4745d|K33b2d0b2|K595f8623|K554cf43d|K773f1791|Kd8ca07c4,P9b5501ce|P993995f7|P510fb9cb|P4e5677f6|Pf76900dd,Pc5c7a3cb,18899214.0
D0173,2018,3,135,15000000,en,Crime,Crime|Comedy|Drama|History,4,US,6,Ceddfe7b0|C183bfc98|Cf0bcd2be,37,133,False,K1451c5af|Kbfa5aa02|K4603cffd|Ka70a0144|K4385ab38|K595f8623|K78d3caf5|K16d14ec6,P40ef7f59|Pee786644|P88f192ec|P9565ae91|Pa350e788,P1e91a320,93411426.0
D0174,2024,3,130,200000000,en,Action,Action|Comedy|Science Fiction,3,US,6,Cc4089340|C6c4fcc11|C2d76984f,60,554,True,Kcc343814|K04f1877b|K9ad21213|Ka6194240|K3676f124|Kfcbf608c|Kd6073f4e|K9795fa06,P6b87f42a|Pa70948d3|P6a4b7726|Pb9dcf7b1|P8c3609ea,P6d9a86b4,1338073645.0
D0175,2025,2,95,20000000,en,War,War|Action,2,GB|US,2,C60c81b3f|C7300e0bc,31,94,False,K50a71b02|K6b8e2f2e|K218aa488|Ke2872e92|K3b3b69c7|K9b2f9eba|Ka7f98209|K85002ae0,P1105c7f7|P4fb37270|P299839b3|Pe8e1af08|P5a1cb144,P5758aca9,34902602.0
D0176,2018,1,135,2600000,hi,Horror,Horror|Mystery,2,IN,4,Cb651097a|C7cc80bf2|C7cc80bf2,10,27,False,Kfbd674bb|Kf0ee355f|Kbdcbb1cd|Ka3113511|K20ffc2d3,P3f23498a|P891f8098|Pebc5c0bb|P90cefd13|P3fa20b61,P9f1702c0,6000000.0
D0177,2022,4,105,20000000,en,Drama,Drama,1,US,3,C3762b402|C56f0938f|Cde6a24ff,23,105,False,K5c0670e8|K1451c5af|K648bad42|K57e76663|Ke1d9dcbe|Kfe329354|K0bdfaae8|Kce1a80f8,P5a00ccb9|Pa940b229|P4540794f|Pbdc763a5|P17934d14,P07624456,7589419.0
D0178,2024,3,175,31800000,te,Action,Action|Drama,2,IN,2,C6f0fb5ce|C8ce180e5,31,33,True,Kaa9e3589|Kc8e08999|Kbd9ba3e2|K5c5e4382|Kaa58a17c|K10a4d48b|Kfd874579|K2d96af1f,P49ca1a54|Pa5463feb|Pc75ef683|P07ae1767|P818e4a74,P9b2322ce,54216867.0
D0179,2018,4,155,18000000,en,History,History|Drama,2,GB,4,C700d2a95|Cb4d8871f|C0d8aba1c,149,85,False,K595f8623|K4209a93a|K54cbc9dd|Kbff78619|K4fd69cdb|Kb318e1c8|K44ddac37|K8ccb31fd,Pe7f1384e|P6112e568|P4e4cb9a7|Pf185dfb6|Pc0b73e47,P1854385b,2153029.0
D0180,2022,3,100,40000000,en,Mystery,Mystery|Comedy|Crime,3,GB|US,3,Ca84d9ed9|C659a7544|Ce5b5fbdb,26,94,False,Kef728c09|K011bc215|K7546bef8|K35fbf0b0|K0adfee98|Kcdc51843|Kb5267b6e,P14f62872|P975c4090|Pd2914092|P1927a931|Pbbab7810,P6884b513,21921551.0
D0181,2021,3,180,1300000,ja,Drama,Drama,1,JP,9,C9f539899|C02a55d23|C40bd3555,34,146,False,Kb8d59c8d|K94d1fa6a|K92a6dddc|K7546bef8|Kd414401a|K110f3ad2|K4d76686f|Kb76fa970,P76923d06|P95a5079b|Pf3b2b4b2|Pf03b8270|P004f6a83,Pd4e66df0,15356046.0
D0182,2025,4,90,64000000,en,Adventure,Adventure|Family|Animation|Comedy|Fantasy,5,US,4,Cbd577dde|C507cfe58|Cfdb5f92f,32,47,True,K19a14feb|Kc94903d3|K323e09b0|K6607a5ce|K15cbfc70|K85239873|K1996d763|K48c74f29,Pfe3a0e3f|Pc588bb5f|P4df2dcb4|P5b38318e|Pcf93b348,Pe0bf81f7,163197450.0
D0183,2020,3,100,18000000,en,Comedy,Comedy|Family,2,US,4,C88efaf6a|C11934135|C1d47e26a,31,197,False,K5011ba81|K17651dd4|K50613f73|K9d4a30d0|K9a7a2db0|K4e2bb6af|Kbf346ce8|K5b6fa6ac,Pd9604827|P8a49c60a|P92423b84|P598b2263|Pea7e387a,P2bf22fdb,43387445.0
D0184,2019,1,100,25000000,en,Thriller,Thriller|Mystery|Drama,3,GB,2,C3ea65823|C76ddad9a,17,58,False,K3ea5ce14|K53ddb611|Kbeeaead5|Ke431848f|K2cef4d52|K025ddba1|K57276fa3|K2e4f7f83,P9d278739|Pfd2a74e7|P560c0d8f|P938e6548|Pba7f0b0a,P8f411bf1,14500000.0
D0185,2021,2,135,200000000,en,Comedy,Comedy|Crime|Family,3,US,3,C72b723b8|Cf2580e12|C912e4a96,69,151,False,K4603cffd|K9ad21213|Kc720e141|Ka9d19626|K7ec19939|Kd21fa78f|K289dcefc|K93dd71c1,P9a467338|Pe3b4e9ba|Pb4a00cdd|Pced62f43|Pa33e877a,P26d67040,233503234.0
D0186,2022,1,105,43000000,en,Action,Action|Thriller|Adventure,3,AU|CN|US,10,Cc52ef1a7|C20cad748|C5dc5568e,32,66,False,Kfb93ab74|Ke7dde3b3|K50f0ee0b|K4869d83d|Kda5d0fe2|Ke9ee1f95,P1b4a1135|P3c3ec5c1|Pac97c0c2|Pc4f599c9|P91f8f877,P2ae81708,15902207.0
D0187,2021,2,75,4900000,fr,Comedy,Comedy|Fantasy,2,BE|FR,6,Cbb6ad6a8|Cc0f1f350|C76cf9bad,18,29,False,K63a2bf23|K50f53e0e,P091289ae|P89b2c8d5|P1b2ce895|Pab2450ef|Pcc31245a,P98a5f25f,2044087.0
D0188,2025,4,105,6000000,fr,Drama,Drama|Thriller|Crime|Mystery,4,IR|FR|LU,5,Cdac81252|C546b7cba|C6a258a0b,24,42,False,K9a16fa02|K1f9dfb84|Kf61191fa|K31e23371,Pe5c90f04|Pca7c075d|P21ea30a4|Pad19aa29|P5ca91dee,Pd05a3857,9602793.0
D0189,2018,3,95,12000000,ja,Animation,Animation|Action|Adventure|Fantasy,4,JP,8,Cca185cf4|C6febef5d|Cb3be7f6f,52,202,True,K94d1fa6a|Kcc343814|K04f1877b|K57f246b9|K273cecd6|K4d49c25a|Kbdcbb1cd|K0e0dea7f,Pa96af389|P5643f0f9|P2da661a1|P84dacd40|P58e775a4,Pc58ed350,27507549.0
D0190,2018,2,90,6000000,en,Action,Action|Crime|Thriller,3,US,2,Cdae3edac|C01e9f790,10,90,False,Kede84157|K8b8060e4|Ke64ecf1a,Pd83ca452|P4f755c55|P97b77a17|P93392d27|P903122b6,Pfa423e05,49078000.0
D0191,2018,3,120,38000000,en,Western,Western|Drama|Comedy,3,FR|ES|BE|RO|US,13,Cb298c307|Ccb9a11ce|C12d40757,35,79,False,K68d34ab1|K1451c5af|Ke7dde3b3|K2c1bbb24|K5daec4d9|K55a8f968|K1f18ba1d|K2da22a3e,Pff2ae6f1|Pdfff36db|P536a41bf|Pd3a29393|Pa469db02,Pec63885a,13143056.0
D0192,2019,2,100,21000000,en,Horror,Horror,1,US,3,Cac465b03|C6146f42e|Cfeb50f4c,29,120,True,Kb1b2d050|Kd45dd87d|K1451c5af|K9cb98d13|K71bf1fc9|Kea290360|K46bc4b11|K8dfac82b,P560c0d8f|P39755bb7|P30546c37|P8cbbdff6|P94cfba39,P3f88b985,113118226.0
D0193,2019,4,110,11000000,en,Drama,Drama|Fantasy|Thriller,3,BR|US,4,Cacbc46d9|C16f219c6|C7300e0bc,10,244,False,K566c4248|Ke30f40a7|K03b817d9|K7465e29d|Kabe04825|K43c94e73|K595f8623|K9ddcd462,P5397a25c|P9a2edffb|Pffc71f66|P4b33f2c3|P95e9eeb6,P398d1555,18262464.0
D0194,2025,3,115,2000000,en,Action,Action|War|Thriller|History,4,PH|US,4,C7ca9f132|Cbfcf7574|Ceb9e1d27,109,21,False,K230a811e|Ke3d2a5d6|K479430bd|Kd1d813b8|K6814d3d8|Kade5f67e|K33a6470d|K4ec70389,P10e2ab46|P571be163|P7167b0f2|Pc672cf0e|P3124c863,P36a79e8b,94700000.0
D0195,2022,1,115,7800000,fr,Comedy,Comedy|Drama|Family,3,BE|FR,5,C12d40757|C668b01c5|Cd5a7150b,16,27,False,K30f1ac94|Ka6d278f9|Kbb997d54|K90e9be03|Kfabb841f|K022cfe62|K533e6d2c,Pa0e4e923|P2c764288|Pd10ef609|P0dc7445c|Pe82371ec,P29d250fb,11196824.0
D0196,2019,2,90,7800000,en,Crime,Crime|Thriller,2,BE|DK|FR|IT|NL,9,Cf7f512f7|Ca865cd71|C2fe6a9ed,22,67,False,K4d54a5a1|Kbe5f99b4|K0d25991c|K802e62e8|K1c740e97|K011bc215|K6f6d6b25|K79f5f35d,Pa1ab47e0|P11edf058|P423565b0|Pbf5c9cd9|P9491bef5,Pb1ee92f6,439085.0
D0197,2025,2,90,58000000,en,Animation,Animation|Family|Fantasy,3,US,3,Cbd577dde|Cfdb5f92f|C077fc15b,33,73,False,K965d2159|Kf07f431d|K923101f0|Kf61191fa|K7eef7ccf|Kae463189|Kcbb16de8|Kf34d3d33,P2469ac77|P608c4074|Pf70b9f82|Pf288203f|P5cdba470,Pf856df45,124157356.0
D0198,2025,4,150,11800000,en,History,History|Drama,2,US|HU,5,Ca9fe6473|C016bc731|C7cb30bb6,64,160,False,K1451c5af|K230a811e|Kdbf4172f|K595f8623|K13c60362|K2e20d5a6|K4fd69cdb|K4ec70389,P18f3cd4b|Pf4bdfa1a|P58f4559e|P4379c42e|P96e591c4,P195ff12c,37009109.0
D0199,2019,4,125,12400000,it,Drama,Drama|Family|Fantasy,3,IT|FR|GB,5,Ce192c584|Cf0ac274a|Cca5764c9,24,45,False,K1451c5af|K31b25f7e|Kf737c127|K940d0c30|K4f9f5b43,Pf0760703|Pd6818470|P29c39a49|P9759f643|P73c7bb73,Pa76b14d8,17133446.0
D0200,2018,4,85,9500000,en,Horror,Horror|Drama,2,US,2,Ceba6d050|C40004a21,21,16,False,K3a678638|K7f75bea6|K9653593d|K32fa509c|Ka69f7dd5|K5b99e83e|K49066ce6|K628c1e33,P0752e0fc|P69dc554d|P34d1675b|P7aafb2eb|Pe003484b,P483204ea,43000000.0
D0201,2023,2,100,41000000,en,Comedy,Comedy|Crime|Action,3,GB|US|IT,6,Ce1e74ab9|C14f5dd3f|C542c9e65,26,39,False,Keae2ee2b|K1c044cce|Ke864e2ff|Kb71004ae|K9a7a2db0|Kcbf64eb9|K7a869a50|Ke5415583,P174e117d|P9ab3ffdf|P5c3f94e0|Pdab532ee|P421e6d69,Pa3ce008f,3900000.0
D0202,2024,4,140,53400000,en,Drama,Drama|Romance,2,IT|US,3,C1f095e92|Cc16953af|C1ace4115,29,223,False,Kd050940c|K1451c5af|K96bcf62d|Kc3529256|K65612631|Kb8ac4260|Kff43a29c|K29aa7085,P3d5ce154|P08803293|P7ba508aa|P74617cd3|P8acc1652,Pfa7a1f13,5450715.0
D0203,2019,4,90,6500000,en,Horror,Horror|Thriller,2,US,3,C58b5d8ab|Cd7a83b16|C242432d9,37,121,False,K1d1c144f|Kcb4f7b39|K5ebde1b5|K0bdfaae8|K8574ce77|Ked907cc5|Kd6073f4e|Kf8e5ae24,P43a1f922|P71c15c0e|Pa5b38aea|P04255411|Pca33db83,Pde8903db,48021766.0
D0204,2019,1,95,10000000,en,Thriller,Thriller|Action,2,US|CN|TH|GB,6,C849bea52|C95c544cc|C1494e115,26,16,False,K1308518c|Ke7dde3b3|K7a3e26a4|K717012d6|Kadd62ca7|Kc898208f|Kccf93baa|K874695b1,P439fa1f9|P9705295b|P6c570f3a|P10e2ab46|P6afcb4e5,P1ff16ce9,94160344.0
D0205,2018,4,130,42000000,en,Drama,Drama|Crime|Thriller,3,GB|US,7,Cc9bda6ce|Cc2c73c36|C700d2a95,70,185,False,K018324f1|Kc62bc6d3|K56c900d4|K791ce7d1|K08d4a276|K25419d9e|Kb92f055f|K71bf1fc9,Pe7fd819d|P6b7675df|P2ac8bdfa|P09778c4d|P7b34c4be,P30b7e5da,75984700.0
D0206,2018,3,100,6000000,en,Drama,Drama,1,US,2,C89dae7b0|C7725d32e,26,26,True,Kfaea2c22|K1451c5af|K648bad42|K4385ab38|K595f8623|K19a14feb,P655ef687|Pa017066a|P16cc83fc|P45177d6f|P353a5319,Pff5ef379,6200000.0
D0207,2023,4,110,20000000,en,Horror,Horror|Thriller,2,US,2,Cf0bcd2be|C91b45f2d,34,255,True,K2740e151|K825ca0e9|Kc0bb51b1|K1e334f94|K06505226|Kce5d61e1|Kb4e75fa3|K46ad3108,P6d77cc56|P87db4b63|P43a1f922|P20c64aeb|P5f8d8df6,Pcccbaa2d,297242145.0
D0208,2023,2,95,25000000,en,Romance,Romance|Drama|Comedy,3,US,1,C3faad6a8,24,82,True,K1451c5af|Ke3519f50|Kbc1e73b3|K0ac1cfed|Kf43e4a77|K4eb9ddbd|K512e2926|K1c5ef918,Pc23fd29e|P43311563|Pba48297a|Pc7648261|P8b78f7dc,Pc6531b5c,6850036.0
D0209,2023,2,85,200000,en,Action,Action|Horror|Thriller,3,US,5,C18cef99a|Ce920aabb|Ca89004ff,13,43,True,K64dee69a|Kc2492ead|K6a3cb94b|K19a14feb|K9a16fa02|K35fbf0b0|Kaf4058be|Kffef018c,P7242a0fb|P7a5b3bd7|P47f69633|P177d76d4|P29a4901f,P300912f5,207118.0
D0210,2022,1,95,4700000,en,Adventure,Adventure|Drama|Mystery|Thriller,4,AU|PL|GB|US,6,C555ce81d|C541d3231|C48a2313c,14,109,False,K42cfc769|Kdc3a06ff|Kee7d3574|K6f4ddfeb|K260bd7a2|Ka2f0301d|Kc629b74f|Kf57cfbf7,P8ea19000|P13e0dda4|P4231338d|P00bdf06a|P14a794e7,Pbb0fd856,1707067.0
D0211,2023,4,105,40000000,en,Documentary,Documentary|Drama,2,US,2,Cf3b8bd45|Ca967b64b,13,21,False,Kc8aa65cd|Ka42eba1d|K648bad42|K99fe2dfb|Kedc55cc4|Kea1b2910|K1c4e4120|K4eb9ddbd,Pc8c38db3|P99857b7e|P89e42caa|P4c4c178c|P8cdcb857,P46f3dc5c,11537680.0
D0212,2024,4,145,41100000,hi,Action,Action|Drama|Thriller|Crime,4,IN,5,C0a4264fc|Ca78d174e|Ca6d24914,78,35,False,K75d466b4|K12b2edb8,P7e27fca5|Pb5e3b73a|Pbab7bff8|Pea2b0b80|P336bfdef,Pb077e682,43800000.0
D0213,2019,4,130,20000000,en,Crime,Crime|Drama|Romance,3,US|CA,5,Cffd7734a|Ce83727c0|Caf11dcba,28,86,False,K5ef5e3d1|K3bc81e67|K044dba17|K2cb4aec3|K9e1a6b25|Kcbf64eb9|K5ab4be5c,P3aa72859|P0fc830b6|P6e45ab8d|P25fce581|Pdd873833,P6b48055a,47803176.0
D0214,2023,3,150,85000000,zh,Action,Action|Fantasy|War,3,CN,5,C05fef1d3|Cdcbe1ec2|C0c847849,25,46,True,K038c8dca|K1451c5af|K6b53101a|K03735454|K9d834242|Kc60aac80|K962238a0|K6d3c98d6,P98b047e8|P399b2e8a|P7c466441|Pb85f016c|Pa9c8aaea,Pa0e8ac62,369081777.0
D0215,2018,3,130,1200000,en,Drama,Drama|Music|History,3,US,3,Cdb4dd805|C00f3b390|Ce03c23b4,82,125,False,K27c90c92|Ke9d21ca1|K4385ab38|K595f8623|K8b1e5356|K72ab56ce,Pc81d31fb|P5b670aa2|P6fc51e8f|P1cc0243f|Pcb29787f,P598f6582,467306.0
D0216,2019,1,105,99000000,en,Action,Action|Adventure|Animation|Comedy|Family,5,CA|US,6,C336c2b47|C34b8a2f6|Ca03f73a9,43,129,True,Kc720e141|K804bfd5b|K19a14feb|K1b7a179f|K7eef7ccf|Kcd1527f3|K3f6d843d|K15cbfc70,P0f1e1a63|P291847b2|Pee9169c5|P69da06fe|Pcca7e620,Pffeced8b,199603202.0
D0217,2025,1,100,150000000,en,Family,Family|Fantasy|Comedy|Adventure,4,SE|US,6,C2d54d9a7|Ceddfe7b0|C8b34d629,39,228,True,K5011ba81|Ke5e5cfb4|Kff43a29c|K8ccec819|Kf07f431d|K522de131|Kc5c53ac8|Kee7d3574,P5f2097d8|P72d7d3b1|P548adfe8|P6d81ee18|Paa4bc307,P0e42ba5b,960387780.0
D0218,2018,1,100,37000000,en,Mystery,Mystery|Comedy|Crime,3,US,5,C6988cd6a|C5ce57a3a|C98c258fd,38,314,False,K70733318|Kb1b2d050|K41adc54e|K1111606f|Ka646ca77|K41ae9c75|K9a16fa02|K251f030c,Pd99e7ba1|Pca60e6c7|P0026d4d8|Pc0b4bdcb|P6995d76e,P59849b1d,117501013.0
D0219,2019,2,100,2900000,zh,Action,Action|Crime|Thriller|Comedy,4,HK,1,C9b59835e,57,22,False,,P964530fb|Pbc969f79|Pb11ba8b6|P1b1726f1|P918fd783,P5cb606df,12000000.0
D0220,2021,4,100,17000000,en,Drama,Drama|Horror|Mystery,3,US,5,Ca84d9ed9|Cb696961b|Cd4beae22,20,57,False,K27d5bfeb|Kcb6e579a|K59cab57a|K58cd70ff|K1f18ba1d|K0014db0b|Kb76c20b3|K3430084d,Pe896c281|P1cb0d278|Pc1df645e|P38ce8e67|P98f14170,P6a37b0db,18867659.0
D0221,2022,4,140,40000000,en,Comedy,Comedy|Crime|Mystery,3,US,1,Cdc91c522,37,369,True,Kb1aa9b34|Kf0265e5f|K011bc215|Kdf15111f|Ka646ca77|Kba7e4369|K19a14feb|K35fbf0b0,P3d5ce154|Pf6c5b6fd|Pdc232ca9|Pa6bce221|P7d146051,Pb023515b,15000000.0
D0222,2021,3,135,200000000,en,Action,Action|Adventure|Science Fiction,3,US,1,Cc4089340,81,352,False,K52525103|Kcc343814|K33b2d0b2|K3198e020|K923101f0|K7b02d059|K84661938|K5e392f78,Pb214a37a|P44792d63|P614f6326|P56aac592|P0828e953,P26ede768,379751131.0
D0223,2024,4,115,30000000,en,Drama,Drama|Thriller,2,US,3,C2d54d9a7|C27c08183|C672062a5,36,121,False,K21ad74de|K6f3f46ba|K94f57a79|K00cdbee0|K1552f786|K3ff3a362|K92feb454|K67e5e896,P65627fc6|P174e117d|P8b74a486|P0d14952b|Pa7bee72e,P6f65c5ac,21418477.0
D0224,2025,2,100,40000000,en,Action,Action|Comedy|Thriller,3,US|GB|HU,5,C631d3e5c|C56410472|Ccd1840ce,39,48,False,K00ee119f|K13a62eac|Ka646ca77|K3efe6bd6|Ka82ab652|K3845d2b7|K864f80ac|K922e7666,P28304cc9|P9a5208d5|P0b34dd79|Pc21f44bf|P3ba4fef8,P6a6904ef,2482071.0
D0225,2022,4,130,16000000,en,Horror,Horror|Romance|Drama,3,IT|US,7,C1ace4115|C37b04b38|C20091d9d,30,112,False,K1451c5af|K8138e4d1|K8a805548|K29aa7085|K110f3ad2|Keec6e143|Kf8d9d316|K9d4a30d0,P408962d3|Pb2603a2b|Pa8cef79d|P33e95311|P0eba053f,Pfa7a1f13,15234907.0
D0226,2024,3,105,99000000,en,Comedy,Comedy|Fantasy,2,US,6,C2d54d9a7|C0ba73b2b|C3762b402,40,153,True,Ka42eba1d|Ke7186c43|Ke099800e|K19a14feb|Kd9e983e4|K9d4a30d0|Kd52e70c4|Kedc55cc4,Pf10575be|P11a199f3|Pb3c10df7|P9258b216|P55160022,P9059d147,452000435.0
D0227,2019,4,95,66000,en,Horror,Horror|Mystery|Thriller,3,US,1,C6be2409a,23,86,False,K55cfa8fb|K7ba10602|K31d67b3d|Kb8dd9a75|K251f030c|K5fc9e425|K0ea38f38|K90902fd3,Pdc133587|P4d40a68d|P71b85c79|P4414a777|P64a25327,P0fa2fe1b,4369493.0
D0228,2022,1,90,8500000,en,Horror,Horror|Mystery|Thriller,3,US,3,C09134070|Ccbdf437d|C59f0013b,7,11,False,K6af381ce|K9a5ab2bc|K9b216056|K8e369375|K79ce7968,Pd072720a|P9a444c72|Paf39ed73|Pb6ac1184|P34b9eaaf,P6c350eb8,130493.0
D0229,2018,3,155,1500000,ur,Drama,Drama|Comedy|Action|Crime,4,PK,4,C8a1192ea|C4e4c8aa4|C44221f5d,16,26,False,K0d25991c|Kac61b270|K9d74c2f7|K539a6907,P4f37d886|Pb068acf1|Pe7d31086|P55aaf8cd|P29f182a3,Paf9b3b98,3062477.0
D0230,2019,4,105,30000000,en,Comedy,Comedy|Drama|Romance,3,GB,2,Cd7a83b16|C14fe6e45,42,74,False,Kef728c09|Kedb0ba53|K4786f4fd|K0e1a3ef7|Kaea09945|Kb418810c|Ked3e9197|K399ba99f,P09ec2fe6|Pf765b4e9|P6458924a|Pe3b4e9ba|P2fe11eb0,P224abeff,121600000.0
D0231,2024,4,135,30000000,en,Animation,Animation|Fantasy|Adventure|Action,4,JP|NZ|US,6,C6988cd6a|C6b31c114|Ce56e78ec,63,133,False,K1451c5af|Kd0483d39|K55c44792|Kb407fd08|K974fca8a|K9d834242|K28b06a16|Kbc476e15,P7df79f5c|P7cf7dc46|Pc848659c|P02c22f52|Pfd079927,P8982bcf6,20658572.0
D0232,2020,3,80,1400000,en,Horror,Horror|Adventure|Fantasy,3,DE|IT,4,C2ab840b5|Caa6a0a2e|Cd8d6d199,11,37,False,K038c8dca|K0014db0b|K1a498f4e|Kf86da704|Ka2019b0d|Kd7f5e878|Kfe548240,P0b7fb63d|Pf333ad0d|P8cb2e604|P5db64140|Pdd413556,Pf0ee697c,769563.0
D0233,2018,1,90,14000000,en,Thriller,Thriller|Action|Crime,3,US,1,Ceba6d050,32,25,False,Ke7dde3b3,Pc94a193b|Paef018a4|P6f155c36|Pcffe7cb2|P5b6ff605,Pc2e3baa7,21753365.0
D0234,2025,4,125,30000000,en,Drama,Drama|Romance,2,GB|US,4,Cad4cef20|C3db2eda6|C9710581c,35,115,False,K1451c5af|Kb76fa970|K76c63b85|Ke908a1ac|K09f36e7b|Kcbf64eb9|K1463983b|Kb8668b3a,P4540794f|Pba6840a0|Pc3043c91|P7aa08a7c|P730d73fe,P5b3b9177,107756183.0
D0235,2025,4,95,1000000,en,Horror,Horror|Mystery|Thriller,3,US,2,Ce3ef5f73|C8e48a92c,6,28,False,K12e0a0fd|Kb7b99f26|K35fbf0b0|Ka2122fa4|K4a3d8658|K79791d1d|Ka9d4c499|K43cb1a6d,P795e1733|P08591fcc|P0cee4205|Pab680875|P84831c08,P36194eff,1688650.0
D0236,2022,4,100,2400000,es,Horror,Horror|Drama,2,FR|ES,3,Ca594f55c|Ca865cd71|C0e8dca4d,30,63,False,K8eea5ed8|K9136e8a9|Ke5e5cfb4|Ka39c9365|K612c5674|K35fbf0b0|K5fcea8d1|K37228ca6,P46201c19|P9e94bac7|Pdcbe9052|P95052828|Pb1f3c1cf,P90372e82,543064.0
D0237,2018,4,115,50000000,en,Crime,Crime|Drama|Thriller,3,CA|US,4,C27e1c217|Cf44a9b69|C27c08183,71,94,False,K3e04d489|Kc55de717|Kf6d4d5a6|Ked4bdeed|K595f8623|K1bb9edda|K45dbe5a1|Ka44ed540,P6f65c5ac|Pc34a6901|P05d35fbc|Pb3e20a3a|P7e094d76,P6f65c5ac,174800000.0
D0238,2020,3,100,5000000,en,History,History|Drama,2,US,6,C3667a418|C7e61814a|C7b8ee236,47,157,False,K5214af59|K4385ab38|K595f8623|K07bde606|K9a2cada4,P598f6582|Pa5f64a6d|P17a89b22|P5aff1494|Pecb6850d,Pd6d83c47,459051.0
D0239,2024,1,120,13000000,en,Drama,Drama,1,US,3,C9bc8f5f4|C336c2b47|C4ee30ac4,23,55,False,Kc5a122eb|Kb38c398c|K412badbe|K0f8f7734|K595f8623|K1f1ba69c|Kea290360|Ka69f7dd5,Pc23204e6|P14d4a38c|Pfe30dea9|P2b1900de|P6a0fd482,P70934cef,20571534.0
D0240,2019,3,100,49000000,en,Family,Family|Comedy|Adventure,3,US,5,C507cfe58|Cd5aa615a|C016bc731,59,185,True,Ke35c29db|K7b6f0775|K0f22858f|Kc94903d3|Kb2c2fb55|K0b2d818c|Kcf1062dd|Kcc821e1c,P4bdacc93|P0009df03|P40cb6630|P6bd2f0a4|Pb3e20a3a,Pf47f23d0,120600000.0
D0241,2025,4,135,30000000,en,Music,Music|Romance|Drama,3,US,2,Ccef37e26|C98c258fd,48,60,False,Kf9b8a186|K595f8623|K406f41cf|Kf12ceb41|K04f2c95a|K9236afdf|K6022e71f|K7b4ec6a6,Pa70948d3|P0d5aa382|Pb0fb4d19|P07f63836|P5e5a423d,P4a438dca,57889762.0
D0242,2023,3,105,60000000,en,Mystery,Mystery|Thriller|Crime,3,GB|US,5,C69b3cd92|Cd5a1e1a6|Ccb37e8a6,24,61,True,K1451c5af|Kabdaec69|K92a6dddc|Kb1aa9b34|K37b23357|K19a14feb|Kb76fa970|K0adfee98,P39fc9765|P9ef8d299|P8f28285d|P63f828bd|P73249322,P39fc9765,121400000.0
D0243,2023,4,130,80000000,en,Drama,Drama|Romance|Music,3,US,4,C9710581c|C2f62f840|C3c44c991,64,210,False,Kb1b2d050|Kb5659b99|K6c15ec23|K33437310|K4385ab38|K595f8623|Keec6e143|Kaf47a35d,P15e5c99e|Pc34a6901|Pe41db4b2|Pc4814ae3|P982730b5,Pc34a6901,300000.0
D0244,2020,4,115,15700000,ja,Animation,Animation|Action|Fantasy,3,JP,4,Cae275bca|C23daabda|Cb3be7f6f,34,216,True,K7a3e26a4|K79547cd1|K5ebde1b5|K99fe2dfb|K6a3cb94b|K19a14feb|K6878063f|Kee7d3574,P7a72d72a|P86892f41|P30999905|P659ec9bb|P9429d629,Pdc76960c,523542183.0
D0245,2022,3,125,90000000,en,Action,Action|Comedy|Thriller,3,US,2,C8cbdda54|Cf4478484,72,272,False,Kbf31130c|K94d1fa6a|K52525103|K1451c5af|Ke7dde3b3|K63768553|K4a10d49a|K8b8f8cbb,Pc5fe07a1|P730e1d0f|P3ffa4742|P538f06d6|P7178c9a8,P2f14421d,239268602.0
D0246,2019,2,120,50000000,en,Fantasy,Fantasy|Horror|Action|Adventure,4,BG|US|FR,8,C3667a418|C9a28f4be|Cf5b3e50e,56,214,False,Kef728c09|Kd45dd87d|K98cad1f3|K923101f0|K3855800f|Kfcbf608c|Kd6073f4e|Ke821354d,P56aac592|P7ba65775|Pa34e3ce0|Pfc95356a|P7a6bbd75,P2a2498fd,55065289.0
D0247,2022,2,130,170000000,en,Action,Action|Drama,2,US,3,Cd0666bee|Cdb23ffd3|C6146f42e,46,454,True,K9c5003b4|Kdab9be36|K19a14feb|K16f3ad99|Kb5f65871|K58160574|Kcc280f69|K28b06a16,P13cbd053|Pddf782b8|P6a544fc5|P55125d22|P33bb4cb4,P2d830e2d,1488732821.0
D0248,2021,1,155,29700000,ja,Animation,Animation|Action|Science Fiction|Drama,4,JP,1,C25415e34,23,173,True,K9a97b678|K7f284f24|K8e2e1632|Kf5099662|Kec718de0|Ke4884854|K10a4d48b|K974fca8a,P838f1546|P572c0e1e|P198c64a8|P6a72559d|P5f97cbb5,P4f07a51b,93882453.0
D0249,2025,2,115,80000,en,Mystery,Mystery|Thriller|Horror,3,US,4,Ce108f1c1|C45cb775e|C5179d2dc,15,16,False,K92b39d7d|K4eb9ddbd|Kbb64b9be|K6ed89a8b|K89fa7a15,P9bae8134|P5ebd22c5|P1057e1af|P91454a47|P0170809d,Pfc4457a1,38840.0
D0250,2024,1,100,12600000,en,Comedy,Comedy|Drama|Mystery,3,GB|FR,5,C7632721f|C5cd9b1b4|C700d2a95,39,78,False,K9d403c70|K30c53709|Kf743df34|K3f44d0ed,P656ec4d9|P4540794f|Pb728722e|P3c76028e|P43cac260,Pa03a54e3,27219729.0
D0251,2021,4,115,8000000,en,Drama,Drama,1,US,6,C242432d9|C6e250e55|C749cdb38,47,37,False,Kdc87c7d5|K63327ad9|K59c46c45|K02e0d505,Pfdd0f64d|P8b74a486|P71cf3b27|P9d75fafc|P646e1141,P011dfb56,475488.0
D0252,2025,2,160,7600000,ta,Romance,Romance|Action|Drama,3,IN,2,C54af3422|Ce7517e69,26,142,False,Kac61b270|K489ed63a|K9a16fa02|Ked3e9197|Ke821354d|Kd6a6d374|Kf8e7dc6f|K575a99dc,Pc8d62df2|P5144cc59|P81857d56|P9eba3735|P8a748eca,P7e14a844,11420300.0
D0253,2019,3,110,25000000,en,Horror,Horror|Mystery,2,CA|HK|US,7,C09933550|Cd4beae22|Cd0f9f869,38,134,True,Kc5a122eb|K1451c5af|Ke7186c43|Ke099800e|K5d80869d|K6dd556ee|K54a7f3ef|K16d14ec6,Pa96de6f2|P3d0b119a|P93a91e0f|Pca82b29f|P8e8f8178,P8093f0e3,104545505.0
D0254,2024,2,95,30000,en,Horror,Horror|Thriller,2,SE|GB,4,C69585a77|Cb379ecf7|C9729c230,14,10,False,,P99ab921b|P4920f0e1|P4866bd90|P91cd4035|Pf1cbf482,P7c4fb491,273650.0
D0255,2021,3,105,82000000,en,Animation,Animation|Comedy|Adventure|Family,4,US,1,C586f6404,29,35,True,K808b4a33|K3d1d6d81|K19a14feb|K64f39905|K48fd8306|K9a7a2db0|K15cbfc70|K48c74f29,P003a1c95|Pa350e788|P4831150a|P020ed7bc|P8ee73a48,P35cbd61e,146745280.0
D0256,2018,3,120,6000000,en,Fantasy,Fantasy|Action|Horror,3,GB|US|BE,6,C40c67889|Cba127fdc|C52f3d24a,17,102,False,Kb8281719|Ke30f40a7|K9136e8a9|K593edb7d|Ka646ca77|K0a105ece|Kff43a29c|K9d403794,Pa2178ef1|Pce4501b9|Pa2cb4f4a|P46d15e07|P9c7ada72,Pb8edda52,1653784.0
D0257,2025,3,150,1100000,ta,Thriller,Thriller|Drama|Action,3,IN,2,C2ec4673a|C39d8335a,11,21,False,K3ff3a362|K44cfc120,P40ea1001|Pbab7615e|Pb898eb61|Pcc0102fe|P7e098f60,P38c26f1b,860000.0
D0258,2022,4,115,13500000,en,Drama,Drama|Romance,2,GB|US,3,Ca84d9ed9|C3db2eda6|Ce5b5fbdb,35,129,False,Kdcf6a5ec|Keec6e143|K4bf86b1a|K16d14ec6|K729957f8|Kc84e8cc3|Kcddbeb99|K78c4687d,P656ec4d9|P5d218444|P87107d44|P292df613|P214ab5d0,Pc1703105,11395604.0
D0259,2019,3,170,79000000,en,Horror,Horror|Thriller|Drama,3,US,4,C336c2b47|Cd78f2510|C097e47fd,87,173,True,Kc8aa65cd|K1451c5af|Ke7186c43|Ke099800e|Ka7223527|K8997685b|K19a14feb|K46bc4b11,P5116e460|P443289f8|Pb89bdd1e|P2de7b64e|P9e70162d,P381e9b0c,473123154.0
D0260,2019,3,90,50000000,en,Action,Action|Thriller|Drama,3,CN|US,5,Cf5b3e50e|C58fc9765|C3667a418,51,150,True,Kfaea2c22|K8f386df5|K2d4eafca|K19a14feb|K9a16fa02|K79f8eb05|K9691da33|Kfcc3d876,P468a604c|P0b03fde2|P55aee42a|Pb1f2cb97|P9cacb9d1,P0fbf81e3,91500000.0
D0261,2025,3,115,20000000,en,Horror,Horror,1,US,4,C9c8386e1|C0b0f12e9|C6cfcd50e,42,24,False,K55cfa8fb|K79547cd1|K649efc2b|Ke3d69bf1|K5ebde1b5|K59820160|Kd9e983e4|K71bf1fc9,Pd02930ba|Pf63c6964|Pfff75d75|P170a6c27|P0892bd3a,P4908e927,480640.0
D0262,2018,1,95,5000000,en,Drama,Drama|Action|Thriller,3,CA,6,C213abd0d|C7d469ae7|Ce20f5dc1,19,111,False,Kcf15988c|Kfd0f8efa|K5ecd0ac9|K13795dbe|Ke42c826b|Keb45b062,P5f2097d8|P8768aeb2|Pa4897366|P1bccfab4|Pfc34f01e,P9a63ec95,854319.0
D0263,2025,1,90,25000000,en,Action,Action|Thriller,2,US,6,C98c258fd|C8bbc0a3e|C12ddd2fc,14,92,False,K424ad1c8|K0288d01a|Kc8232ad2|K9423aab1|K7d54413f|K6cfa1375|K0d41aef7|K8c9f2584,P40d10530|P5f91994b|P88f192ec|P99c85139|Pf2481e6d,P46240969,48703174.0
D0264,2018,2,95,15000000,en,Science Fiction,Science Fiction|Crime|Action|Thriller|Drama,5,GB|US,4,C4993057d|C912e4a96|Cbc77818b,49,69,False,K32d43916|K1d1c144f|K7f284f24|K86a02264|Kbc46fda2|K706bcd22|Ke5db1c58|Keb5e7681,P312369ee|P5d09435a|P1f8eb450|P8ee73a48|P538f06d6,Pc16f9461,12371132.0
D0265,2018,4,130,50000000,en,Drama,Drama|Action,2,US,3,Ca89cf308|C6988cd6a|C808cafc9,70,269,True,Kdc87c7d5|Ka2390abe|K19a14feb|Keb5e7681|Ked3e9197|Kcfd3e1e7|Kdfa63f2c|K940d0c30,P2c31c831|P468a604c|Pc622b9b8|Pc42423af|P8219cd42,P1d6bb3b3,214200000.0
D0266,2023,2,150,250000000,en,Science Fiction,Science Fiction|Adventure|Action,3,US,2,Cc4089340|Cb57c426d,89,301,True,Kcc343814|K04f1877b|Kcf159e78|K923101f0|K19a14feb|K3ec095e0|K4d7becfd|Kd846c84d,P0f1e1a63|P3430b4ec|P2231426b|P6d4d6e20|Pd489e48b,P797efe48,845550000.0
D0267,2024,3,100,10000000,en,Crime,Crime|Horror|Mystery,3,CA|US,5,C77cf4fb2|C82201f3c|Cb29461b8,30,150,True,Kc1abf13e|K4869d83d|Kd49e15ee|Kff9c5036|K98f891b6|K63195295|Kdd6cdcc1|K74f63ba2,Pd2d8a9de|Pa2178ef1|P3881d6dc|P13fccc9f|Pd143be09,P485e5d2d,127961936.0
D0268,2024,1,120,60000000,zh,Drama,Drama|Comedy|Adventure,3,CN,10,Cbba288cd|Cb40963f6|Cdf17c98b,20,9,True,,Pcd9bf648|Pcec0b9b9|P2cb105b6|Paac29efb|Pb652402d,P42ff3e3a,466862668.0
D0269,2023,4,150,6600000,hi,Drama,Drama|History|War,3,IN,1,Ca24c6e2d,38,43,False,K4603cffd|K595f8623|K4fd69cdb|K271946fd,P838462cb|P2001cd83|Pecd49c13|P2f1f48b8|P62ac96c9,Pbf9b2971,15600000.0
D0270,2023,4,105,15000000,en,Horror,Horror|Mystery,2,US,3,Caf72fffe|C6a3881af|C462ad368,59,251,True,Kc5a122eb|K249e52d7|Kedb0ba53|K2b27837b|K09d50f70|Ka646ca77|K706bcd22|K43477ab4,Pd1604614|P2e872d0c|P7e73f721|P2511ea5a|P64c0bf5c,Pb20b324b,46553280.0
D0271,2018,4,85,75000000,en,Animation,Animation|Comedy|Family|Fantasy,4,US,2,Cde755e9c|Cd7a83b16,42,70,False,Kedb0ba53|Kff43a29c|K71bf1fc9|K31b25f7e|K399ba99f|K15cbfc70|K3f44d0ed,P2402c04c|Pf38fae34|P91b309e1|Pbe0c0d8b|Pc0e6515a,P426647b3,552976825.0
D0272,2021,1,90,2000000,en,Crime,Crime|Drama|Action,3,GB,5,Ce7306b2c|C5b47b00d|C53a77b44,31,154,False,Kc88cec21|K09e212c6|K01f9d499|K3a648934,Peeb88ce5|P123185a4|P82a0adaa|P991b1370|Pda98e48c,P0428ed74,510466.0
D0273,2024,3,100,78000000,en,Family,Family|Animation|Science Fiction|Adventure,4,US,1,C586f6404,30,124,True,K566c4248|K1451c5af|K01084bd3|K0f22858f|K4ce171fe|K31b25f7e|Ka809a320|Kcd305bb1,P0a95112f|P735c23d2|Pe8e1af08|Pdaeaa73e|P4ceec48e,P55065474,331982078.0
D0274,2023,3,165,220000000,en,Action,Action|Adventure|Thriller,3,US,3,C6146f42e|Cd0666bee|C2ab4dd3b,79,129,True,Kf3f28ea8|K42cfc769|Kbf31130c|K19777d74|K00ee119f|Kaf170639|K33b2d0b2|Kdffee990,P13cbd053|P3d8ce9aa|P8b839607|P77e32dde|P2df0e450,Pc9357660,571125435.0
D0275,2024,1,120,60000,id,Comedy,Comedy,1,ID,6,C8146185f|Ce5c1c343|Ca056e136,51,110,True,K8997685b|Ke975b6dd|Kc0ff5e3b|K45f5b5ea|K87a09630|K5f70b0fc|Kf3330049|Kf6b0fe38,Pe6b223c9|Pc4fc35f8|P199c8ce1|Pbb8501db|Pfa5bff08,P3ace1096,19601819.0
D0276,2021,1,105,16000000,en,Music,Music|Drama,2,US,3,C5f84b739|Cdda7fee7|C0d25153f,73,78,False,Kcf15988c|K2691884d|Kd332363d|K0aad4003|Ka0dfa4ea,P0d5aa382|P7d146051|Pa9b3057c|P934291ec|P8e6fa4d4,P26dd824d,645949.0
D0277,2020,4,150,200000000,en,Action,Action|Adventure|Fantasy,3,US,4,C2d54d9a7|Cb7039a93|C81e00190,145,270,True,K04f1877b|K923101f0|Kcbf64eb9|K78c4687d|Kec193012|Kb1e97fa4,P3276bcf6|Pb95440c1|Pfbcea453|P735c23d2|Pe0da2446,P3304ca27,169601036.0
D0278,2019,1,125,2500000,fr,Comedy,Comedy|Drama,2,DE|FR|IL,4,C560c02f2|Cd6e49a6c|C8f3c086a,26,19,False,K86ec069c,Pac0171ee|P6a5bb513|P82f902e9|P534e902a|P654877ee,Pdbc09d23,242483.0
D0279,2021,3,110,18000000,en,Thriller,Thriller|Mystery|Horror,3,CN|US,3,Cd7a83b16|C494d02e2|Cb3e71746,32,84,False,Kfbde6d20|Kb1b2d050|Ke126f69b|K66331d63|K17d6e4f5|Kf1931b19|K4651f9f9|Kf743e542,Pc3284856|P43740bda|Pcfa03d94|P1cc758de|P6101b56d,P0e4432bf,90146510.0
D0280,2024,3,135,4300000,hi,Drama,Drama|Thriller,2,IN,2,C3f1b9cd9|Cf204e7b1,52,155,False,K266c5221,Pd76618a5|Pd96a5163|Pd2f26d18|Pe8316b2e|P9925d6c9,P7a198dc4,1100000.0
D0281,2019,2,90,45000000,en,Animation,Animation|Music|Family|Comedy,4,CA|CN|US,4,Cc599c845|C0e63dc4c|C74cb8053,27,70,False,K965d2159|K1b7a179f|Kbe44dbc4|Kf2cfee54|K15cbfc70|K85239873|K48c74f29|K49bfc99c,Pb7efa15c|Pdc232ca9|P679196ba|P7846829d|P93cc0e33,P77c78b5d,32500000.0
D0282,2024,4,140,6000000,en,Drama,Drama|Comedy|Romance,3,US,2,C2cc87531|C24ed6cdb,33,115,False,K67c9210a|K33e09618|K33437310|K2f1d3da7|K497d4d3d|K2e0aac28|K49d9765a|K6e11d73b,Pf6a873d9|P93c319ef|P60e1b082|P6632e5ec|P72b0f5b2,P2af24021,56286295.0
D0283,2024,3,110,50000000,en,Action,Action|Fantasy|Horror,3,FR|DE|GB|US,9,Ce4f77d56|C49e92df1|Ce20f5dc1,45,221,False,Kb1b2d050|Kdd4cdb43|K04f1877b|K6a3cb94b|K7abc0661|K923101f0|K71bf1fc9|K9a16fa02,P601e7607|P794fc336|Pf8af4a2a|P695b7c34|P63832b73,Pe994ba87,24109036.0
D0284,2024,4,130,25000000,en,History,History|Drama|War,3,BE|IE,2,Ca1b8c4b2|C44652702,113,107,False,K52525103|K595f8623|K2a8c7a51|Keb641e3d|K4fd69cdb|K4ec70389|Kea1b2910|K515d5ad4,P9c5c20cf|P302fba96|P7bb00a6d|P3942b4f2|P5630f8ed,P0f65753a,12165702.0
D0285,2022,1,125,90000000,en,Mystery,Mystery|Crime|Thriller,3,US,4,Ccb37e8a6|C69b3cd92|C87cf6123,52,84,True,K30a53fa2|K1451c5af|Kb1aa9b34|K164b8bbd|Ka8a94835|K19a14feb|K71bf1fc9|Kf8e5ae24,P39fc9765|P7c56cf1c|Peb51c4ea|Pffd0937d|P889019cf,P39fc9765,137307235.0
D0286,2022,2,105,27000000,en,Science Fiction,Science Fiction|Horror|Thriller,3,CA|GR|GB|FR|US,8,C99870691|C87ec3be3|Ccb5de721,17,102,False,K1d59e7d4|Kb1aa9b34|K7f284f24|K35fbf0b0|K92a07f41|K96ad18d1|Ke7637d34|K18035d21,P45ae55c7|Pe54ea676|P4c3a688a|Pff66170f|Pd0dec1e2,P501bf7bf,4551565.0
D0287,2023,1,175,73800000,zh,Science Fiction,Science Fiction|Action|Adventure,3,CN,4,C7e89f1d7|C3a8bc793|C370643ab,49,63,True,Ka96b9d40|K4a3ff012|K85c4971b|K8091f3ac|Kdd71fc0a|Kdc4d5666|Kf743df34,P0265cf5a|Pe49def85|P7c466441|P34ae9d7a|P3f2ed57a,Pd79f10ef,665000000.0
D0288,2024,3,105,4800000,hi,Action,Action|Crime|Thriller,3,IN,2,Ca555bd7d|C8861a5e2,81,25,False,K4a10d49a|Kf2e9adce|K9d42ff64|K4d544d3d|Ke821354d|Kec193012|Kc2ab8ba1,Pb27e9f5b|P57d0b609|P9d23557f|P3acd41de|P82417594,Pcf4881bd,5600000.0
D0289,2025,1,115,40000000,en,Action,Action|Crime|Thriller,3,GB|US,7,C319ad52e|C0a3629ad|C86ba071a,52,72,False,K1451c5af|K9136e8a9|Ke492da05|Kaf98f72e|K21b11a22|Kde70aa5b|Kf960f847,P4b27ca24|P13c6deee|P8a714467|P436fae0d|P869429d7,Pa9d23fc9,89400711.0
D0290,2025,2,105,15000000,en,Drama,Drama|Music|Thriller,3,US,2,C160e6334|C87f0a6a6,38,104,False,K87469bb8|Ke9d21ca1|K65612631|Kf04506ca|K76317265|K92b39d7d|Keb5e7681|K01286038,Pd14520f4|P9258b216|P21036f9c|P5b5ba7b1|P3d0c80b6,P576c8834,7763862.0
D0291,2024,2,125,1000000,th,Drama,Drama,1,TH,2,Ca08c04b0|C71ecbdc3,66,42,False,Kede84157|K3affd9f7|Kd47abffe|K6878063f|K624181ff|K0132e022|K28c2cb00|K19558153,Pe893ff0d|P46a5c64d|Pd4ebcf8a|Pb8d5c5de|Pef21de21,P9780a9b6,73800000.0
D0292,2018,2,135,19100000,en,Adventure,Adventure|Comedy,2,BE|FR|PT|ES|GB|US,9,C08a9aa2a|C7fa97fe9|C9280e907,28,38,False,K8eea5ed8|K1451c5af|Kf3385af0|Kff5d86a7|Kd568f31d,Pee786644|Pa2b2e430|P10291a37|P236e26c9|P7f52b12e,P1a6bcbf1,2433457.0
D0293,2019,2,100,75000000,en,Family,Family|Animation|Comedy|Adventure|Fantasy,5,CA|DE|GB|US,6,C0003d719|Cf41e8e6c|C30b8a3d6,27,45,False,Kc666c70f|K7eef7ccf|K15cbfc70|K512e2926,P81684503|P17a89b22|P1569de28|Pd1bce6f7|P91b309e1,Pa9f316bb,16349303.0
D0294,2018,3,95,13000000,en,Action,Action|Horror|Thriller,3,US,4,C46f771f9|Cf0bcd2be|Cd7a83b16,64,159,True,K33e09618|Kd67871a7|K7f284f24|Kd0483d39|K35fbf0b0|K9b0a830c|K58a444c1|Ke692ef32,Pb4ae9881|P1bbad92a|Pdca2c6f8|P7abdea4e|P1e16cf93,Pfc2a6861,137056262.0
D0295,2025,2,115,60000000,en,Horror,Horror|Thriller|Science Fiction,3,GB|US,4,Cf4478484|C60c81b3f|Cd07b32ff,52,118,True,Kdcf6a5ec|K98f891b6|Kedd80cbe|K19a14feb|Kee7d3574|K8dfac82b|K58a444c1|Kc6965169,P3ffa4742|Pca8e6238|P77e8a1ca|P5ed392e6|Pc898a617,P8c6407a8,151308832.0
D0296,2024,2,115,8800000,en,Comedy,Comedy|Romance|Crime,3,US,7,C5ce57a3a|Cdc320dc1|Cf9a0d8fc,38,162,False,Ke7dde3b3|K1fb4ebf8|Ka2fe4ac7|K649efc2b|K4786f4fd|Kb9a41c4a|K3e9c3af4|Kfd4a66f7,Pace30cd1|Pe7a95afc|Pb8f43adf|P6158b603|Pc5f3f6a0,P6f0ffd49,5101673.0
D0297,2018,2,110,32000000,en,Comedy,Comedy|Romance,2,CN|US,5,C62730ca8|C3faad6a8|Cd7a83b16,47,27,False,Kd58bb223|K5b68bb6a|K34731b6b|Kc9d1e42e,P164b8424|Pcadac074|P558cc586|Pdbd2bd2a|Pa483859d,Pce157cac,94539426.0
D0298,2019,1,115,10800000,es,Drama,Drama,1,ES,2,Cac639f37|C8e8639df,31,78,False,Kcca842bb|K0fc7e9c4|K1fa0803e|K4e49a65a|K23fba403|K1dd7c969|K1451dbb9|Kb301cfd0,Pd761e806|P18e4c166|P4ce41c04|P81fce1bb|Pb60992de,Pd0704ab7,37359689.0
D0299,2024,1,105,10000000,en,Horror,Horror|Mystery,2,US,3,Cf0bcd2be|Cab217505|C78367188,23,27,False,Ke85cdcac|K8d86fd42|K52043cb9|Ka3113511|K66d1041e|K55544cba|Kd0ccc378|K20ffc2d3,Pa6033551|Pb4f66408|P68554688|P89a58641|P049f099f,P44b9c322,43778760.0
D0300,2022,1,90,75000000,en,Animation,Animation|Comedy|Family|Adventure|Fantasy,5,US,4,C691c06b2|C6fc703e1|C6944d896,42,41,True,K038c8dca|Kffb9e482|K08b1cffe|Ke7186c43|K19a14feb|Kfcbf608c|Kd6073f4e|K0dff9e5c,Peea9996a|P82948388|Pa6bce221|P17a89b22|Pa887b05b,Pa5df1fac,18500000.0
D0301,2020,3,145,80000000,zh,War,War|History|Drama|Action,4,CN,6,C430d392d|Cdd27e8bd|Ca72e001c,34,99,False,K977e5f2c|K624e9950,P24773abd|Pc183faf7|P33cbfbde|Pb904cb8b|Pcb3a81f4,P45ca74a7,461421559.0
D0302,2023,2,95,20000000,en,Comedy,Comedy,1,GB|US,3,C78367188|Cededb20c|C348af1ef,53,89,False,Ka5e5d456|K41fc9ef6|Kcbf64eb9|K8c56d71a,P44626b54|Pd689c516|P4ceec48e|P53e298eb|P1aa87010,P2f5d1ce4,15800000.0
D0303,2020,1,110,42000000,en,Action,Action|Science Fiction|Adventure,3,US|CN,4,C7f4b55db|C161ea8e9|Cccf98483,35,207,False,Kaa11187d|K04f1877b|K923101f0|K0c8ef730|Kbbae46ec|Ke821354d|Kb016f262|K582ac66d,Pb2d28ee6|P430b179f|P90df856c|P7a26d1cc|Pe4511288,P4b3989f0,39861118.0
D0304,2018,3,90,200000,en,Comedy,Comedy|Drama,2,US,2,C9cf441f8|C7189284c,18,33,False,K8ededc31|K3affd9f7|K180a7072|K49066ce6|Ked2ac8c1|Keb45b062|Kecf2430c|K4eb9ddbd,Pce43f1f0|Pccb71a28|P5f1c8591|P814d169b|Pa6d08d2b,Pce43f1f0,448184.0
D0305,2018,1,145,62000000,en,Science Fiction,Science Fiction|Action|Adventure|Thriller,4,US,5,C149c3cae|C8016c88c|Cc9bda6ce,37,215,True,K1451c5af|K7a3e26a4|K0d6bdfd0|K8e2e1632|Kc549f327|Kc8906f3c|Kcf159e78|K554cf43d,P18efa5b8|P78ed3f49|P1e605391|Pf0d3e0a4|Pdd54b942,P2191d6fa,288418190.0
D0306,2024,3,140,8000000,pt,Drama,Drama|History,2,BR|FR,6,C97fa9391|Ced801c39|Cacbc46d9,70,53,False,Kede84157|Kfbde6d20|Kb1b2d050|K1451c5af|K4603cffd|K9322a3f8|K595f8623|K040a1fcd,P8e73b708|P21186201|Pe252ccdc|P1cc18771|Pa8f2a2cc,P3f8ddcb0,36361572.0
D0307,2020,4,75,100000,en,Drama,Drama,1,US,1,C733a7fa7,3,2,False,,P30ae53a2|P352f68f2|P79665c11,P0bb8ee3e,100000.0
D0308,2021,1,90,20000000,en,Science Fiction,Science Fiction|Action|Adventure,3,US,4,Cb1ac0eed|C749cdb38|C9c0833e7,21,86,False,Kbf6599d1|Kaf5cc81f|Kb6d57d75|K1beca36a|K561788e6|K77e447ad|K128410be|K903d3be7,Pbc324a94|P7c494871|P4cb5b658|Pf564ed67|P775f1759,P44bdc263,349757.0
D0309,2023,2,105,18000000,en,Horror,Horror|Thriller,2,US,3,Ceba6d050|Ceb318ddf|Ca259e319,33,136,True,K8eea5ed8|K19777d74|K61573d46|K2b024aec|K58bc9b4d|K719e729e|K31d67b3d|Kda5d0fe2,Pf4bdfa1a|P728d5a60|Pfead8eb9|P6a5b0c74|Pc5e1626a,P9f5b1d25,76987621.0
D0310,2018,1,85,12500000,en,Horror,Horror|Thriller,2,US|GB,7,C0f826b9d|Cd263b671|C5c724585,13,96,True,K110f3ad2|K585e49eb|K19a14feb|K35fbf0b0|Ka2122fa4|K04b71262|Ke64ecf1a|Kf0809876,Pabf1435e|P6ec99a80|P1ac7085d|Pec818fa5|P26d2a318,Pd06fcd79,32144262.0
D0311,2018,4,115,135000000,en,Action,Action|Adventure|Science Fiction,3,CN|US,6,C6146f42e|Cb154b319|Cf8cd9de2,56,220,False,K9a97b678|K1b7a179f|Ke4884854|K4ce171fe|K394322cb|Kd6073f4e|K78c4687d|K48c74f29,P18efa5b8|Pab5b1006|P65c3949c|Pb50aa2a3|P336250ba,P478936fc,467989645.0
D0312,2021,4,120,5000000,en,Drama,Drama,1,GR|IL|GB|US,5,Cc4827c94|Ca7869a1f|Ca89004ff,24,78,False,K137adf5c|Kede84157|Kfbde6d20|K1451c5af|Kf0265e5f|K6eadcfd9|K2c054ece|K09f36e7b,P656ec4d9|P4540794f|Pcaefda9d|Pceb538c7|Pba6840a0,P3ded3528,703281.0
D0313,2019,2,130,160000000,en,Action,Action|Adventure|Science Fiction,3,US,3,Cc4089340|C0806e68a|Cf4478484,141,366,True,Kabdaec69|K3d2b49b8|K04f1877b|Ke1a38539|K5ec58f64|K923101f0|K19a14feb|Kc7759f81,P6c1e0f01|P536a41bf|P5eab90f9|Pacdffa16|Pd539ecc7,P9530b21d,1132723226.0
D0314,2022,2,95,12000000,en,Horror,Horror|Science Fiction,2,US,3,Cf0bcd2be|Cce89c773|Cd7a83b16,31,44,False,Ke6b45b39|K1451c5af|Kc3529256|K6878063f|K315f4eaf|Ka807be0a|K612dab15|Kb7b60805,Pea74df23|P2fdadb28|P745826fe|P749452ba|P9a2125d6,Pb3855a4c,15039250.0
D0315,2023,4,100,10000000,en,Drama,Drama|Mystery|Thriller,3,GB|US,6,Cc9478d6f|Cad4cef20|Cc9db8c01,43,92,False,Kede84157|Kef728c09|K1451c5af|K7f284f24|Kef91a2f8|Kee7d3574|Ke5293002|K47106a69,P5ed392e6|Pde0388e6|Pb4a00cdd|P2598469d|P725a6200,P63987243,604830.0
D0316,2020,1,110,6000000,en,Horror,Horror|Science Fiction|Mystery|Thriller,4,US|PT,4,C40c67889|Ccd76ee2a|C948ec3cf,12,117,True,Kd3d56b8a|K7205b879|K7b1fe1e7|K63195295|K68c2373f|K190503f8|K7d64f03d|Kbbcbbe27,Pa2178ef1|P16ab16fd|P7a8e9a8d|P9642c47a|Pf8317939,Pe11214b2,1023510.0
D0317,2018,3,115,7000000,en,Drama,Drama|Music,2,US,4,C8512fcd5|Cbea7817c|Cd6f28c26,65,106,False,Ka0de5fc2|Ke05a7e27|Kb543900f|Kd6a6d374|Ka27df840,P158ca9d1|Pf35f122c|P7ad6a156|Paa2c0165|P8d765fd4,P37273b55,1300000.0
D0318,2023,1,120,15000000,en,Drama,Drama|History,2,US,3,C78367188|C9bc8f5f4|C3d4b006b,21,44,False,K6fb75ba3|K4603cffd|K595f8623|Kfcbf608c|Kf63eba13|K9236afdf|K9b958f6c,Pc6c0443f|P33b9dfdd|P82a5c36b|P4d335ff9|P4386c3c8,P2ca514ca,52300000.0
D0319,2023,4,95,175000000,en,Animation,Animation|Family|Fantasy|Adventure,4,US,1,C7ce0905f,22,39,False,K5011ba81|Kc720e141|K37b98a59|K4b5d944f|K965d2159|K64f39905|K6e11d73b|Kf4232418,P85bfd116|Pb95440c1|P4f424405|Pc4a49543|Pcbec6fc0,Peccc95a7,254997360.0
D0320,2024,4,125,2000000,en,Horror,Horror,1,US,3,C81ea27da|C61ec5744|C561b2a5d,58,79,True,K038c8dca|Kfaea2c22|K36a3c7b7|K2829a3c5|K825ca0e9|Kcf3c4678|K94571983|Ka7223527,Pe541160f|P070d1768|P9c759e15|P97334b81|P3085eb4a,P0c6d76e0,90322103.0
D0321,2021,4,130,100000000,en,Action,Action|Adventure|Thriller,3,GB|US,4,Cc58a41f5|C0fd7358b|C69b3cd92,100,156,True,Kef728c09|K7be894cf|K33b2d0b2|K923101f0|Kd0483d39|Kaf56151c|Kd6073f4e|Kc3ede9ba,P77e8a1ca|P00bfae09|P85ac7180|Pd4288e7a|Pf265d5c4,P82925cc9,125897478.0
D0322,2019,3,125,87500000,en,Science Fiction,Science Fiction|Drama,2,BR|CN|US,9,C5009293c|Cb6df3ec4|C3762b402,55,276,False,K75b71e8e|Kdd65c3f2|K92a6dddc|Kfae7a03b|K8c86339b|K485fa91a|Kd5163d57|K35fc4693,Pc5fe07a1|Pb23773f6|Pce2c4e19|P5d7dc4ae|P38ab614f,P6a28c1c6,127461872.0
D0323,2019,3,145,9000000,en,Horror,Horror|Drama|Mystery,3,SE|US,2,C28fbfe65|C1a94932c,38,98,False,K92a6dddc|K5d4be2c3|K3788e79b|K81eac1c9|Kedd80cbe|Kadc78498|K84b9c731|Kadcc292e,P44792d63|Pa2d2d7aa|Pa771587a|P4fb37270|P5f9149d0,Pe7dc0ed3,48498408.0
D0324,2024,4,110,12000000,en,Drama,Drama|History,2,US,1,C2cfc7182,65,31,False,K24e26ceb|K4385ab38|K595f8623|K9d4a30d0|K5d8b0f15|Ke46302a6|K4b966f81|Kcfd3e1e7,P75360a3d|P538f06d6|Pdc563cbe|Pc9197c20|Pb0c04ca8,P837b517f,8104331.0
D0325,2019,2,85,80000000,en,Animation,Animation|Comedy|Family|Adventure,4,US,2,Cd7a83b16|Cde755e9c,42,82,True,K33e09618|K5011ba81|Kc720e141|K19a14feb|Kffef018c|Ka4e83395|K15cbfc70|K31d857f3,P711d5bf8|P037f5849|Ped0c632e|P17757d39|P69da06fe,P649d3e38,429434163.0
D0326,2024,2,130,55000000,en,Drama,Drama|Romance,2,IT|US,4,C0806e68a|C5a7feb8b|C1ace4115,32,356,False,Kb8d59c8d|Kb1b2d050|Kde32259e|Kdc87c7d5|Ke53f53d8|Kda3a8325|Kb8ac4260|K3519315b,Pfcee513a|P8913a237|Pa1171ae1|Pc7a7259d|Pde9b43c1,Pfa7a1f13,94182533.0
D0327,2021,4,100,150000000,en,Animation,Animation|Comedy|Family|Fantasy,4,US,1,C7ce0905f,25,49,True,K77b45109|K79547cd1|K4c442588|K3b0680c6|K5ebde1b5|Kf9183e59|K965d2159|K19bab12a,Pcca7e620|P504652a6|Pcd89be8e|P48d153e1|Pe871a47f,Pdefe5bec,261292688.0
D0328,2025,1,105,15000000,en,Horror,Horror|Fantasy|Comedy,3,US,5,C7300e0bc|C1a94932c|Ca449f21e,17,69,False,Ka646ca77|K692be979|K4e771ec6|Kfe7c4c95|K4d797593|K2b348c95|Kf6629435|K4f04e8ca,Pb33386a7|P9258b216|P4fb37270|Pe693233a|P5d357b0a,Pa12c3e40,16423085.0
D0329,2018,2,95,80000000,en,Animation,Animation|Comedy|Family|Fantasy,4,US,3,Cf4478484|C691c06b2|C6944d896,47,74,True,K038c8dca|Kffb9e482|Ke7186c43|K6eadcfd9|K19a14feb|Ke578b0ae|Kb89c6bcc|Ka41bc598,Pc82d1114|Pa6bce221|P82948388|P17a89b22|Peea9996a,Paa03148a,528600000.0
D0330,2022,4,140,90000000,en,War,War|Drama|History,3,US,2,Cce339a34|C242432d9,54,68,False,K1a012d28|K595f8623|Kfcbf608c|Kd6073f4e|K28b06a16,P2dda216d|Pace30cd1|P48f9fb7e|P0f8e69de|Pb82777b5,P2e6c16ce,21768133.0
D0331,2025,1,145,120000000,zh,Action,Action|Fantasy|War,3,CN,6,Cbb8d02ec|C05fef1d3|Cdcbe1ec2,18,29,True,K038c8dca|K1451c5af|K19a14feb|K6b53101a|K9d834242|Kc60aac80|K6d3c98d6|Kebbd1cf8,Pb85f016c|P98b047e8|P05ddce0c|P47e602c5|P399b2e8a,Pa0e8ac62,172619925.0
D0332,2025,3,160,5000000,pt,Thriller,Thriller|Drama|Crime,3,BR|FR|DE|NL|AR,7,C6d1682e6|Cc7828b9b|Ca99f41f4,75,46,False,K0d25991c|Ka2fe4ac7|K4603cffd|K742bd1e5|Kdc29dc0e|K5ef5e3d1|K51494991|Kac5e3b72,Pe388c89e|P4b75ecec|P2e0e7a9a|Padd1f279|Pd83470b3,P72e5b5e2,18988224.0
D0333,2024,3,100,20000000,en,Horror,Horror,1,US,3,C2d76984f|C36d5927f|Ce1d8f06b,13,63,False,K9d0ee53c|K5ebde1b5|Kb8dd9a75|K918889dc|K20ffc2d3|K65670112,P1de24948|P56e46fa5|Pe45b201f|P5f50493a|Pe153a7cb,P8575a01f,21760713.0
D0334,2024,4,125,130000000,en,Action,Action|Adventure|Thriller,3,US,4,Cf4478484|C01155f57|C30743e91,59,129,False,Ke7bdc112|K04f1877b|K9ad21213|Kc720e141|K923101f0|Kb54248f3|K44cfc120|Kf743df34,P3ffa4742|P85bfd116|P873141b6|P3abe965b|Pbd43d5ee,P039cabae,62076533.0
D0335,2025,2,120,14400000,ko,Action,Action|Adventure|Comedy|Fantasy,4,KR,1,Cb26d6b72,100,32,False,Kbdcbb1cd|Ke92b93fb|K3ec095e0,Pca39391c|Ped5647b6|P1d25077b|P25175fe5|Pe2e080d2,P27f12a96,14125640.0
D0336,2023,3,100,75000000,en,Animation,Animation|Comedy|Action|Science Fiction,4,CA|FR|US,5,C6146f42e|C507cfe58|Cededb20c,38,131,True,K33e09618|K2b5d957d|K1f05bf13|Ke3894268|K04f1877b|K7e935a41|K923101f0|K87ad53db,P0cb8d41b|P3cf398e1|Pa9c92cf4|Pb42b2fd3|Pe59867c6,P0e30a41e,180513586.0
D0337,2019,4,100,33000000,en,Crime,Crime|Action|Drama,3,US|CN,5,C242432d9|Cf573740f|Cdd27e8bd,63,226,False,K33e09618|K8b8060e4|K253334af|Kb1aa9b34|Ka82ab652|K044dba17|Kd59b6aed|K5b620d85,P0c3db016|Pbf1ee1ef|P8b74a486|Pfdd0f64d|P8f3cb8b4,P11e21db2,49900000.0
D0338,2022,4,130,32000000,en,Drama,Drama|History,2,US,3,C3762b402|C8e445836|Cd7a83b16,67,111,False,K1451c5af|K00b0e1a7|K4385ab38|K21c0bf96|K8a4d0366|Kcd97a98f|Kf23264d2|Ke44991e9,P15e5c99e|P1f811a28|Pa9b844fc|P1c0546d1|P4569d4c9,Pdf7292e0,13900000.0
D0339,2023,4,205,200000000,en,Crime,Crime|History|Drama,3,US,4,Cd16d56aa|C27e1c217|C3c44c991,210,258,False,Kb1b2d050|K1451c5af|K3380d21e|K4869d83d|Kd58de432|Ka6667dc5|Ke50579d9|K58cd70ff,P2cb99efe|Pd9604827|P72962ff6|P1cb0d278|P26244268,Pc1b16bc3,158722599.0
D0340,2019,1,95,5000000,en,Comedy,Comedy|Drama,2,FR|CH|GB|US,7,C1d7c94c7|Cf7b61285|C2d8f0c25,40,91,False,K841cd429|Kfbde6d20|Kf01a1f7b|K0db744f4|Kb4b35d84|K6c87d899|Ka43fbb3a|Kd40899dc,P9d278739|Pfcd96401|P0bae546f|P76b32000|P2fdadb28,Pd96f5474,4554416.0
D0341,2024,2,95,200000000,en,Animation,Animation|Adventure|Comedy|Family,4,US,1,C5f1dc623,32,75,True,K4c442588|Kb6e69059|K19a14feb|K64f39905|K9d4a30d0|Kaa58a17c|K30ae26a8|K432d5331,Pabb5b404|Pd35883e7|Pf647ea55|Ped92b82d|P5a884c6c,P77adeb82,1698863816.0
D0342,2022,2,130,7800000,ko,Drama,Drama,1,KR,3,Cfdcc1039|C35f6b277|C1b2852d9,67,45,False,K808b4a33|K1624771e|K011bc215|Kd1b79b0e|K110f3ad2|Kd47abffe|K355d3705|K83b3ae10,P636078df|P2563c4fa|Peb738869|P752f8be6|P57d46319,Pac268738,18632208.0
D0343,2021,4,150,200000000,en,Action,Action|Adventure|Science Fiction,3,US,3,Cc4089340|C0806e68a|Cf4478484,64,195,True,K33e09618|Kcc343814|K2e209934|K79547cd1|K92a6dddc|K3d2b49b8|K04f1877b|Kc720e141,P6c1e0f01|Pfcee513a|P2402c04c|P628ff92d|Pd539ecc7,P9530b21d,1921426073.0
D0344,2023,4,105,650000,cn,Drama,Drama|Mystery,2,HK,1,Cb976a2af,31,16,False,K136d2f19|K55f8265b,P6d900dce|Pe3b8054b|P6b866d85|Pd6d9f120|P165636c7,P352ac81a,2000000.0
D0345,2021,4,100,1500000,en,Western,Western|Action|Drama,3,US,4,Ca0252680|C5c3b0840|Cb90698f0,9,93,False,Kd0a80903|K8bafd5d8|Kb6f96bf3|Kfbde14ed|Kce5f2c7c|K4cce1285|Kd3c3280f,P646e1141|P98f14170|Pcb0d07a2|Pb9fdccdb|P714cb1b8,P822ea4e6,77463.0
D0346,2018,1,95,2000000,en,Comedy,Comedy|Drama,2,US,3,C7300e0bc|Cda813610|Cb8541d22,46,87,False,K193b3455|K33920a50|K6878063f|K9d4a30d0|Ka742ede8|K77e5d5be|Ke692ef32|Keaae7795,Pb2121501|P6fc51e8f|Pdf0fea4c|P83941b95|P762c91a9,P5661cecd,13539709.0
D0347,2023,1,110,7000000,en,Drama,Drama|Mystery|Thriller,3,US,4,C48a2313c|C35724571|Cdf8b91dd,43,78,True,K9136e8a9|K6a0a165e|K4869d83d|K54ff79a2|K19a14feb|K3efe6bd6|K9d4a30d0|Keb5e7681,P9465e8f6|P6da998d1|P589220c0|Pce8f5c31|P2ee6fb38,P748f9218,48767848.0
D0348,2019,1,125,152000000,en,Action,Action|Adventure|Science Fiction,3,US,1,Cc4089340,52,618,True,K04f1877b|K923101f0|K4d0bc3a5|K6e11d73b|Kbbcbbe27|Kbdcbb1cd|K5e392f78|Kfcbf608c,Pc1db5cd0|P5eab90f9|P491039bd|P7ad6a156|Peb51c4ea,Pc9311973,1131416446.0
D0349,2025,2,135,80000000,en,Mystery,Mystery|Crime|Thriller,3,US,4,C48ceb8ac|Cd39773c3|C20cad748,70,78,True,Ke7dde3b3|K2691884d|K19a14feb|Kda5d0fe2|K0adfee98|Kfb04fea3|K0d41aef7|Kf292d9fd,Pcde62a4b|Pb7c83a72|P6d21b17b|P8b74a486|Pd56b9500,Pb433db78,103223366.0
D0350,2024,4,215,9600000,en,Drama,Drama,1,GB|US,9,C7222821a|C63976a3b|Ca6c10ce2,38,201,False,K33e09618|K6cb61a2e|Kb1b2d050|Kb303ab6a|Kabdaec69|K755126fd|Kb1823169|K65612631,Pd2914092|P36ae5580|P9491bef5|P7aa08a7c|Pf35f122c,P37273b55,50145227.0
D0351,2019,4,210,159000000,en,Crime,Crime|Drama|History,3,US,3,C5844cbc7|C3c44c991|C808cafc9,194,184,False,K018324f1|Kb303ab6a|K1451c5af|Ke7dde3b3|K3380d21e|Kb1823169|Kac61b270|K4603cffd,Pd9604827|P13753a9d|Pce3512b8|Pfb649c8d|Pa4798128,Pc1b16bc3,968853.0
D0352,2022,3,130,200000000,en,Action,Action|Thriller,2,US,2,C958d3a08|Cbf47ca37,74,364,False,K4d54a5a1|K1451c5af|Ke7dde3b3|K9136e8a9|Ka2dbcd1a|K3454a69f|K65a80b00|K4b9b421c,Pfc16b487|P8164fa59|P387d9e9e|P08e0c086|Pf46a6ce2,P23ba7a5f,454023.0
D0353,2019,4,85,4500000,en,Comedy,Comedy|Crime|Drama|Romance,4,US,3,C9b58e393|Ce3308a07|C12d99ade,17,30,False,,Pb8e19397|P32a43c7b|Pb6fdc6b8|P3e11855e|P33bb4cb4,Pb8e19397,64648.0
D0354,2020,3,90,33000000,en,Action,Action|Thriller|Crime,3,US|GB,4,C3b8ecf68|Cc11db12e|Ccb5de721,27,240,False,Ka05e8854|K4438d3ff|K4b802e88|K35fbf0b0|K76317265|Kbea00521|Kea1811ec|K6ae7b699,Pf4bdfa1a|P89aa3c24|P1569de28|Pcb8399a6|P02c614cc,P9be9c3c4,39238300.0
D0355,2022,3,90,12000000,es,Animation,Animation|Adventure|Family|Comedy|Fantasy,5,ES,4,Cf9f7fa62|C89bb9761|Cb737af1b,16,18,True,K15cbfc70,P042fbfba|P03ce9e0a|P8cd76e7a|Pe05b8076|Pae0c5aed,P5a5190a4,32800000.0
D0356,2023,4,155,100000000,en,Science Fiction,Science Fiction|Action,2,DE|US,4,C78367188|Cc0525343|Cc16aac2f,72,330,True,K137adf5c|K1451c5af|Kf872823e|K7a3e26a4|K87001976|K7f284f24|K706bcd22|K8ccec819,P7ee55738|P3c56a1f8|P2c86490d|P7ba508aa|P6665b98d,P91ee1ca1,337371917.0
D0357,2018,3,100,5000000,en,Horror,Horror|Thriller,2,GB|US,8,C746b68b4|C44ac20c0|C78367188,15,52,False,Kc01c3dfc|K77991a82|Kf292d9fd|Kf8158175|Kd7fc15fb|K8d172d07|K926ddd29|K63a15470,Pc793c726|Pbe628fff|Pa1491e40|P63f2876a|P36153a02,P59ce9d89,661769.0
D0358,2020,1,135,7900000,hi,Romance,Romance|Action|Adventure|Crime|Thriller,5,IN,3,C647be221|Cc24c85d5|C7cfb3994,15,48,False,K6ed603be,P713e7836|P0067471b|Pe2b94393|P73fb77d1|Pc3e4a88f,P6a4a9b05,11136444.0
D0359,2020,3,95,30000000,en,Action,Action|Crime|Drama,3,US,4,C0b8f33ce|C319ad52e|C65c13242,34,57,False,Kaf637c2c|Kd47abffe|Kb72a3d3e|K3241c358|K9a16fa02|Keede16fc|Keb5e7681|K3998fd78,P285009d1|P896b6ead|Pcd2407c5|Peb40ec70|P5bf5191b,Pa9d23fc9,942666.0
D0360,2022,1,85,3900000,fi,Horror,Horror|Fantasy,2,BE|FI|NO|SE,5,C8709d807|C52f3d24a|C8233b6b0,13,41,False,K423c3366|Kd47abffe|K6878063f|Ka7165333|K4e2bb6af|K9dfc0a36|Kbd79a55f,P331982b9|Pf6b85f9a|Pf3b7694f|P852b3062|P6c9165ad,P53c2c86c,508000.0
D0361,2021,3,155,165000000,en,Science Fiction,Science Fiction|Adventure,2,US,1,Ceddfe7b0,39,271,True,K2241c08f|K89099cca|Kef0c5442|K1451c5af|Kc7c9387f|K7f284f24|K4cd89d42|K489d9c02,Pb2603a2b|P2df0e450|Pb2b28b54|P5f2097d8|P10291a37,Pf0890882,410668500.0
D0362,2022,2,105,7600000,ko,Action,Action|Crime|Thriller,3,KR,3,C330e7413|C19ab06ab|C0b68111d,42,51,True,K853fc10a|K0d25991c|Kac61b270|Kb1aa9b34|K19a14feb|K98c1dc1e|K68a3600b|Ka27df840,P3e5d9c1b|Pcbf2b451|Pf05c7d22|P8f95e39b|P771a01b8,P5f3b5abf,101166707.0
D0363,2024,4,105,300000,en,Romance,Romance|Comedy|Horror,3,GB|US,3,Ceb35cbd6|C2c8d27f6|Cc0d5a612,22,22,False,K965d2159|K23e3c2ed|Kecf2430c,P4a574205|P3ae42848|Pcfb2884a|Pd6aa0df6|P20c48069,P169a31e4,809893.0
D0364,2025,3,100,2000000,en,Comedy,Comedy|Drama,2,US,3,C03cf8c0d|Cbe72f625|Cf57d1eaa,22,54,False,K5011ba81|K70733318|K696abb12|K443b5d4d|K5bcb4bcc|K5daec4d9|K4b802e88|Kf743e542,P18efa5b8|Pf45df0b4|Pa6f82add|P13c6bc31|P061de013,Pf45df0b4,1400477.0
D0365,2018,1,105,30000000,en,Action,Action|Crime|Thriller|Drama,4,US,2,Ca89cf308|Cfc26b0f5,33,259,False,Kc5b65b8c|K1451c5af|K0d25991c|K01c1572d|K9136e8a9|Kb1aa9b34|K71bf1fc9|Ke492da05,Pbc324a94|P5552edf8|P3d0b119a|P4f05630f|Pb1debfa0,Pb20b324b,34017028.0
D0366,2025,3,155,8700000,hi,Action,Action|Romance|Thriller,3,IN,1,C59ee4af6,12,57,True,,Pea2b0b80|P3732b00c|Pbd8bb16a|P59ca2e68|P0411a2cc,Pa6f714c4,500145.0
D0367,2021,3,115,110000000,en,Comedy,Comedy|Adventure|Science Fiction,3,US,6,Ce14a150e|C2d76984f|C6c4fcc11,70,114,False,Kcc343814|K497a09fb|K3ea5ce14|K53ddb611|K01c1572d|K74f63ba2|K90045962|Kcec27f06,P6b87f42a|P5ed392e6|P9d75fafc|P312ccf16|P33523dd5,P6d9a86b4,331526598.0
D0368,2022,4,85,15000,en,War,War|Thriller|Action|Adventure,4,US,1,C9ea14c82,10,12,False,K230a811e|K7f215d88|K4ec70389|Kcb450b80|Kca7b1ae6|K1e35c99c|Kb7dfa6f1|Kb88aa8cc,P3a2425fc|P904d8aa6|P4cb5b658|P3843130d|Pb80258c9,P92df1226,23000.0
D0369,2023,1,95,7500000,en,Comedy,Comedy|Romance|Drama,3,US,2,C5f9c4386|C48e11c2a,15,34,False,K12e0a0fd|Keb141b00|K8b7fdd4c|K9d42ff64|K821c1cc4|K5672f9b6|K4f432342|K9ca1b523,P581ee292|Pb8c4c754|P105610f1|P7fc186fc|Paeadf05c,P6a99438c,4393504.0
D0370,2021,4,130,25000000,en,Drama,Drama|Romance,2,US|CA,6,Cefe2fff2|C8287d6b8|Cf44a9b69,21,37,False,Kdf5e07da,P2c31c831|P283ccec4|Pa928d342|P93d07d69|Pb431a759,Pbbc37df2,6700000.0
D0371,2025,3,90,20000000,en,Comedy,Comedy|Crime|Thriller,3,GB|US,2,Ccef37e26|C0110c455,38,145,False,Kc5a122eb|Kc9d5bef6|Ka646ca77|K852f076b|K9b0a830c|K1dd7c969|Kf6d89b28|K496d2cff,P5b287b1d|Pf55a640e|P8164fa59|Pd7173b71|Pc066e2df,Pfca2aa38,7445237.0
D0372,2025,1,150,21700000,ta,Action,Action|Drama|Mystery|Thriller|Crime,5,IN,1,Cc2214195,56,383,False,K71bf1fc9|K8278b5d2|Ke28be317|Kad609d65|K1546f0ab|K11d82158|Kf2df9250|K7c657854,P9878052e|P87c0d119|P456f651a|Pf2a0aa22|Pc1b903dd,Pe8040628,15900000.0
D0373,2025,2,170,400000000,en,Action,Action|Thriller|Adventure,3,US,3,C6146f42e|Cd0666bee|C2ab4dd3b,82,84,True,Kf3f28ea8|K497a09fb|K32c7600d|Ke484fe84|K88562b4a|K33b2d0b2|K99d06904|Kdffee990,P13cbd053|P3d8ce9aa|P8b839607|P77e32dde|P83a88c79,Pc9357660,598767057.0
D0374,2019,3,120,8000000,en,Drama,Drama,1,US,4,Cb493d209|Cf7b61285|C077e4c3d,43,109,False,K4d54a5a1|K9bd9c4c0|Kd340c156|K011bc215|K4385ab38|K595f8623|K5fcea8d1|Kdf5e07da,Pee786644|Peb51c4ea|P33bb4cb4|P89e21a65|Pc5e65167,Pa8bdb060,275000.0
D0375,2025,3,105,80000000,en,Family,Family|Comedy|Crime|Adventure|Animation|Action,6,US,1,C586f6404,37,188,True,Kc2b5e04a|K1451c5af|Ka3356dfa|K0d25991c|K2ae7ec5e|K7a3e26a4|K770c1273|Kc720e141,P14f62872|Pfe6d9f7e|Pfd359e66|P2ddfb78f|P2eed3caa,P4b241a01,239676236.0
D0376,2025,4,125,11000000,en,Drama,Drama,1,GB|US,3,Ccef37e26|C3762b402|C17de92cf,17,88,False,Kd47abffe|Kd8c7a802|K61da37ab|Kf34d3d33,P38ff2ca0|Pa0abef07|Pdd0e3f04|P1321f71f|Peba6f18f,P33dc7a61,1161830.0
D0377,2023,4,175,34000000,te,Action,Action|Crime|Drama,3,IN,1,C763ff93f,34,16,True,,Pe9d1d778|Pa706e267|P7d72477b|P9bf22849|Pd976f92b,Pb2b9427b,87229100.0
D0378,2023,4,115,7500000,pl,Animation,Animation|History|Drama,3,PL|LT|RS,7,Ccbb255c5|C552e40f0|C9cee16f5,62,123,False,K06ec2ec0|K1451c5af|Kae4dbdef|K21c0bf96|K91623a51|K73a33762|K503f5c06|K4fd69cdb,P473a8fcf|P53a657c3|Pcb660108|Pf52559dc|P3dd80e28,P91069b7f,10064347.0
D0379,2024,2,110,2000000,en,Drama,Drama|Comedy,2,FR|DE|US|PL|HU|BE,11,C7eb42b2b|C5b38ebe4|Ce218d725,26,45,False,,P6f8af89f|P36b8752f|P56a79661|P5f3b7aa7|P6679c2dd,Pa0d20685,583631.0
D0380,2024,4,100,1600000,en,Adventure,Adventure|Family|Drama,3,IT,2,Cf5d659ba|Cb5810856,15,7,False,,Pf808295b|P871f44d8|P46a93609|Pbdea612e|P74943346,P3555a876,76740.0
D0381,2021,3,100,3400000,es,Comedy,Comedy,1,ES,1,C010fa262,34,6,True,K31249f48|Kd37c3275|K34287f2e|Kb6a3da47,Pd68cfc0d|Pbfec6b2d|P7189e894|P9e644496|P6944ecc6,P07e7bbdb,1163538.0
D0382,2024,4,140,190000000,en,Drama,Drama|Crime|Thriller,3,US,3,C2d54d9a7|C7291cd01|Cfdb5f92f,62,178,True,K923101f0|K19a14feb|Kb7d29535|K8aca05ba|K31c6251c|K78c4687d|Kf1b60df8|K1bd7f7c7,Pdfff36db|P2f96f865|P72092b5c|Pe94da565|Pfa2b6a69,P4f384f09,207500287.0
D0383,2018,2,90,5500000,en,Adventure,Adventure|Crime|Family|Comedy,4,GB|US,3,C1d7c94c7|C2c293c29|Ccb91c8b4,22,18,False,Kb7b43807|Kb3b2cf69|K309b728a|Kffef018c|K381f56e1|Kfa36f4ec|Kf7ffd4f8|K8b5fb6b5,Pee9169c5|Pa68864f5|P81577159|Pa8ade899|P93cc0e33,P02060500,38830219.0
D0384,2023,3,100,50000000,en,Comedy,Comedy|Crime,2,US|GB|IN,12,Cdfaa037a|C268dcb7b|Cbec89845,39,39,False,Ke7dde3b3|Ka646ca77|K9bddb5a5|K0dccce55|Kf7cee254,P8a49c60a|P89649b91|P5eab90f9|Pd35883e7|P9e8d315e,P336d974e,476375.0
D0385,2025,3,170,43000000,ta,Action,Action|Thriller|Crime,3,IN,1,C3333284f,26,104,False,K3845d2b7|Kf53e123d,Pea60dbf5|Pd93ddba9|P60fd7701|P1549cb37|P7d72477b,Pe3e60a40,57917990.0
D0386,2024,2,100,10000000,en,Mystery,Mystery|Comedy,2,US,6,C3c3517f6|C3fadb03d|C96b3e624,28,41,False,K585e49eb|Keb5e7681|Ke882e630|Kf9e8adda,Pb95440c1|Peb51c4ea|P6f263068|Pa6033551|P35d8608c,Pb95440c1,162270.0
D0387,2025,1,115,8000000,en,Drama,Drama,1,US,6,Cea37543f|Cf7981ca8|C27ef3823,26,26,False,K8ee63aa5|K9e7cf571|K7db97ba9|K5ea10c6d|Kf4232418|K65dad838|Kf2f6ffad|Kea1b2910,P9e7ff92f|Pa2d58989|P1925a743|P137e003d|Pa35e48d4,Pcaef88b6,6254291.0
D0388,2018,2,105,120000000,en,Action,Action|Adventure|Science Fiction,3,US,7,C58b5d8ab|C6988cd6a|C6279da19,68,209,False,K038c8dca|K2ae7ec5e|K7b1fe1e7|K427fb8c0|Kddaadb9a|K265626c7|K7a9716b1|K0014db0b,P4da7c12b|P58270b08|P8ac5cc1c|P1c5299b1|P1069d0f4,Pc5288da3,428028233.0
D0389,2024,1,155,15000000,ru,Fantasy,Fantasy|Drama,2,RU,4,C18fd8a45|Ccf883593|C1d40bb72,83,73,False,K62487044|Ka43fbb3a|K6cc379e1|K0a1fa644|K3dfddd9d,P7bb00a6d|P08b287b2|P1fe37dfd|P3f564da1|Pe487d674,P08a93cbe,28013812.0
D0390,2025,3,100,4100000,ja,Animation,Animation|Action|Romance|Fantasy,4,JP,1,Ca0540442,28,219,True,Ke50579d9|K6a3cb94b|K19a14feb|Kea290360|K0a8098b2|K4a3d8658|K6a40957e|Kbd0d60cc,P17bc3849|P8a27740e|P6683ebe6|P04bc8403|Pcbcbdad8,P76c1217f,191400000.0
D0391,2019,4,85,1000000,en,Horror,Horror,1,US,2,Caf08b7f0|C3faad6a8,13,5,False,K6ecc96df|Kd653b7f5,Pc6e94d6b|P81a0406b|P245cb166|Peab5709c|P28e57ed7,P91c8b355,175038.0
D0392,2018,1,95,10000000,en,Drama,Drama,1,GR|US,5,Cb2cf9ddb|C732ba2cc|C6a05b961,14,21,False,,Pf12557c1|Pd4a36cd3|P4abbdfe7|Pdce11d2d|P7ba508aa,P1d2406f2,41888.0
D0393,2018,2,150,300000000,en,Adventure,Adventure|Action|Science Fiction,3,US,1,Cc4089340,69,737,True,K50e48db4|K79547cd1|K04f1877b|K923101f0|K846673e8|K4b3cb02d|K22d7e348|Kb7ec3d9c,P9aaea10b|P8164fa59|Pebd37a00|Pc6b524b9|P282469c4,P80aaf589,2052415039.0
D0394,2018,3,120,30000000,en,Comedy,Comedy|Romance,2,US|HK,5,C309fbfc4|Cc0525343|C3ad98ed5,61,87,True,K1451c5af|Ka2fe4ac7|K16fc615f|K6c87d899|K7d59231c|K7a38d302|K8c56d71a,P4f582689|Pf765b4e9|P6458924a|P44e0683e|Pe41214b1,P051cea27,238539198.0
D0395,2019,3,95,3400000,es,Comedy,Comedy|Family,2,ES,3,Cfc39244c|C2e7bcbf3|C9e5a0692,41,11,True,K7df4b028|K9a7a2db0,P2f88ef40|P8ece0b6d|Pab13759b|P3ba5baa1|P81cfef34,P2f88ef40,15894372.0
D0396,2019,3,160,95000000,en,Comedy,Comedy|Drama|Thriller,3,CN|GB|US,3,Cce91b416|Cf4478484|C161ea8e9,103,226,True,K4e49a65a|K5daec4d9|Kedd80cbe|K595f8623|K09ae40ae|K0fd60dc2|Kcd97a98f|Keb5e7681,P2cb99efe|Pc5fe07a1|P2786c4ac|Pa68f8508|P5b287b1d,Pa480d3d3,393869691.0
