sample_id,release_year,release_quarter,runtime,budget,original_language,primary_genre,genres,n_genres,production_countries,n_companies,company_ids,n_cast,n_crew,in_collection,keyword_ids,cast_ids,director_id
S0001,2007,2,120,85000000,en,Crime,Crime|Thriller,2,US,4,C1246c604|C2f946fee|Cc1d82aa3,25,45,True,Ke33fde63|K5852d5b1|K9a16fa02|K25419d9e|K309b728a|K9fc8f05e|K5c0b5d8b,Pd4551c6e|Pc5fe07a1|P9d23789b|P13753a9d|P19165e19,Pd886c47f
S0002,2009,2,95,5000000,en,Science Fiction,Science Fiction|Drama,2,GB,4,C3bcc0b63|C8ba16146|Ca970c590,10,23,False,K75b71e8e|K497a09fb|Kfce86ae4|K03b817d9|K89099cca|K7f284f24|K846673e8|K0038366d,P14f62872|Pf21f3bf1|P14479629|P61740e4b|Pbe5d9d5c,P83787549
S0003,1985,1,105,5000000,en,Comedy,Comedy,1,US,1,C2b1996b8,20,22,False,Kf687e8e6|K0ec7cec8|K7b823c61|Kcbf64eb9,P23f1be74|Padd04ad4|Pc4f599c9|P72d3590a|Pb2ef5468,Pd29f2b54
S0004,2009,3,110,27000000,en,Horror,Horror|Mystery|Thriller,3,CA|US,4,C14c57614|C1b020c70|C766d61d3,38,63,False,K24e26ceb|Kb1aa9b34|K68678f4b|K5ebde1b5|K35fbf0b0|Kc3deb9ff|Kb16bdd57|K3c6f9488,P79cd1763|P4d71e533|Pa34e3ce0|Pa3dbcab7|P5ba54ccc,Pae3bd841
S0005,2008,3,95,2000000,ru,Drama,Drama|Romance,2,RU,0,,6,1,False,,Pa28c373c|P5b0717bd|P32d92752|P42052e26|P82243afb,P3926071a
S0006,2010,2,105,25000000,fr,Fantasy,Fantasy|Adventure|Action|Mystery,4,FR,3,C556de237|Ce41bb422|C0b057e79,38,8,False,Ka7984eec|K038c8dca|K03f80d45|K923101f0|Ka4665af7|K965f97c3|K09ac9303|K9dcf907a,Pba3ba8a4|P3c57fa1c|P46abef34|P0b7cd552|Pbf88e17c,Pad9f53b5
S0007,2011,3,85,5000000,en,Horror,Horror|Thriller|Science Fiction,3,CA|US,3,C0f5c8c4c|C07f90652|C20b33510,11,74,False,K75b71e8e|K2c4719da|K9b10ff96|K63ba54cb|K4055072a|K65f87363|K4d0bc3a5|Kf33b31dd,Pe65ee688|P5c221ae7|P1e4922ff|P4ab6b2ca|P8b6650ca,P668f966f
S0008,2002,4,115,5000000,en,Horror,Horror|Thriller|Science Fiction,3,GB,2,C60c81b3f|C1f804b7b,22,36,True,Kef728c09|K938b3f55|K32403564|K03ffe7ca|Ke63eacc3|K2b5cdafa|K137adf5c|K203a4f8b,P2053e144|P58270b08|P538fd88e|Pcb8ed398|P5a828432,P8c6407a8
S0009,2014,4,95,3250000,en,Thriller,Thriller|Horror|Mystery,3,GB|US,2,Ce018bbd2|C8095aab0,17,27,False,K9136e8a9|K8e4844b2|K9749c839|K3c6f9488|Ka5be6b4e,P3c527f18|Pd36e78e1|P5e2464f1|Pb6053a79|Pad915729,Pf894c3a9
S0010,1989,2,95,1500000,en,Action,Action|Thriller,2,US,1,Cd07cc355,15,10,True,K2b5d957d|K1308518c|Kc9b037e6|Kefe0a483|K3ae80f7d|Kdc87c7d5|K85b290fb|K560cac45,P7ff40d0f|Pcc8168d4|Pa2ce6275|P9efb8d3b|P5e0b652a,P7ff40d0f
S0011,2013,3,110,61000000,en,Action,Action|Comedy|Crime,3,US,4,C9d5bb40c|C912e4a96|C11934135,44,33,False,Kb7b43807|Kfb93ab74|K923101f0|K9bddb5a5|Kc8232ad2|Kcec27f06|Ka44ed540,Pbbc37df2|P40d10530|P3a27ae88|P0fd4f855|Pb08ae3d9,P451aa4d1
S0012,1983,2,115,12000000,en,Thriller,Thriller|Science Fiction,2,US,2,C7e86926f|Ceb6e88fa,33,15,True,K3ea5ce14|K497a09fb|K4869d83d|K9d999169|K0e89a273|Ka77deba2|K49902a06|K8beac702,P21e9c370|Pfa09da95|P49217e8d|P1022e6e2|P56b0ba13,P4ec614a4
S0013,2016,3,100,4531653,zh,Romance,Romance|Animation|Adventure|Fantasy,4,CN,1,C294d7628,11,6,False,K5ebde1b5,P1dbf279a|P0e145c61|Pa622ca6f|P4e90fdd9|P76266b39,P3d3d2a79
S0014,2006,3,85,35000000,en,Family,Family|Fantasy|Comedy,3,US,2,Cf4478484|C98fdcebd,15,28,False,K04f1877b|K6bab75c0,P7e44f8c4|Pe44cf61d|Pd730679d|P9e79f4a8|P08c82a79,P4e53d623
S0015,1990,3,125,70000000,en,Action,Action|Thriller,2,US,3,C6cbfdb5c|C8641b7c6|Cd36ef9f0,44,73,True,Kc2ed15d1|K7e1398ba|Ked493fb4|K1451c5af|K31249f48|Kc39f42cb|K32aef5c9|K9653593d,Pbc324a94|P03df7f3d|P5bcce21e|Pc28f4cd9|P08d40dd0,Pc9ab0a9c
S0016,1991,2,135,75000000,en,Action,Action|Crime|Drama|Mystery|Thriller,5,US,3,Cd7a83b16|C6e2c8b87|C8fe7d6c4,18,93,False,K2b5d957d|K9df93747|K018324f1|Ke6b45b39|Kd2b660db|K969ef670|K46cae1b2|K011bc215,P6265995c|P605dd3d9|Pd9604827|P38ab614f|P35d8608c,Pc68f979a
S0017,2006,3,100,2380000,en,Drama,Drama|Crime,2,GB,4,C550e4030|C6cfa93a0|C37590b4d,18,14,True,Kedb0ba53|K9aa63b64|Kdcf6a5ec|Kd3764086|Kd3103f62|Keede16fc|K16d14ec6|K37228ca6,Pc906dca6|Pafed72bd|P4d3e8ce1|P1643f425|P159e5fbc,P5ccf8e40
S0018,2001,1,135,29000000,fr,Adventure,Adventure|Horror|Action|History,4,FR,6,Ce4f77d56|Ce1dc7996|Cc7ffd06c,21,45,False,Ka7984eec|K5c0670e8|K60686471|K35fbf0b0|Kda5d0fe2|K0014db0b|Ka2f91569|K3c6f9488,Pc52e9ac6|P11383cde|Pa5c2f671|P9ab3ffdf|Pf3b7bb76,P12f09299
S0019,2012,3,100,2000000,en,Action,Action|Comedy|Romance,3,US,4,C1b015448|Ced994d46|Cd949db57,18,34,False,Kb88365f6|K79d278c7|Kd6073f4e,Paeb3f5cd|P19f25908|P5010bf75|Pb1f38ec6|P339a7290,P19f25908
S0020,2008,2,105,55000000,en,Action,Action|Adventure|Fantasy,3,CN|US,4,C4c819766|Cfc8c2cea|Cdd27e8bd,15,25,False,Kdf68da34|K962f88ff|K8e4844b2|K4f97e9ea|K6ec74233|K8d539641|K1a6b88d8,P789f5166|P9e0754f2|Pc2ee7020|Pffec2c5c|P737fe6e7,Pb28334ec
S0021,1986,1,110,6000000,en,Comedy,Comedy|Drama|Romance,3,US,1,C6cbfdb5c,14,11,False,K25a3086d|K4aef0137|K1147d12d,P267dfb5d|Pbd744329|P79a733fb|P11a199f3|P365e65b3,P950fdca8
S0022,2007,3,100,80000000,en,Science Fiction,Science Fiction|Thriller,2,US|AU,4,C1246c604|C336c2b47|Cd36ef9f0,17,21,False,K71bf1fc9|K4d0bc3a5|K66331d63|Kbbcbbe27|Kae612877|Kc27061d8|K22bcfb2f|K8de27ea8,P8bb333ae|P3d5ce154|P6f5f734d|Pcfe2fbb3|P831f7a2a,Pa4f03da5
S0023,2010,1,105,31000000,en,Drama,Drama,1,US,2,C9b55c3fb|Cdd8eadf1,25,16,False,,Pfa43d9be|P02dbf1fc|Pe896c281|Pfc420846|P7d5a7c5b,Pb4dd82a3
S0024,2011,1,110,3000000,en,Horror,Horror|Science Fiction|Drama,3,CA|DE|US,7,C2f919092|C90f3b1f8|Ca6d29efd,10,35,False,Kd964a10b|K3c6f9488|Ka261a952|K1bcc16ba|K0c6bb999|K6f79c63d,P2c97c3f7|Pc1222ddb|P050bc953|Pfc420846|P3226391c,P64777f39
S0025,2012,2,85,5000000,en,Horror,Horror|Thriller|Comedy,3,US,3,C07f90652|C46823be3|C8714fd10,20,39,True,K19a14feb|K798f0a14|Kc4b89fa4|K63a0c4f5|Kd6073f4e|Kb312f8f4,P786adf7f|P4cf4a4d0|P57691be0|Pa2f70246|P842eb32b,P775168eb
S0026,2006,3,85,85000000,en,Adventure,Adventure|Animation|Family,3,US,1,C691c06b2,17,14,True,Ke7bdc112|Ke09d99ff|K7c0be96b|K0fda4a1c|Ka41db239|K00ee119f|Kd0196534|Kafa89063,P27021ad5|Pdbe8182c|P4b3bad5f|Pcc51d817|P349feb94,P88c7646c
S0027,2015,4,100,15000000,en,Horror,Horror|Comedy|Fantasy,3,US,2,Cd7a83b16|Ceddfe7b0,21,62,False,Ke6b45b39|K12864c24|Kcf3c4678|K412badbe|K3e780b2a|K6e781bd1|Ka0be1140|K0507dbf2,Pcdb2bdab|P174e117d|P5f72008e|P842eb32b|P29dfe54f,Pe65b960f
S0028,1994,2,115,30000000,en,Action,Action|Adventure|Crime,3,US,1,C6cbfdb5c,58,10,True,Kf10ad044|K31249f48|Kfd546110|K276df420|K3d4cce0d|K501d0f59,Pee0e1556|P0fbbf0cd|Pbf6fd3c6|P97289d7c|P63cebd80,P3f654400
S0029,2013,1,100,12000000,en,Drama,Drama|Horror|Thriller,3,US,3,C9ea1bb4a|Cd5a1e1a6|C484743a4,19,14,False,Kfcf79c07,P35231746|P8bb333ae|Pd4288e7a|P1dff6e01|Pc8f4d4c4,P899f2d41
S0030,1989,2,120,6500000,en,Drama,Drama,1,US,2,Cd7a83b16|C1b1533bd,42,17,False,Kfe6fb0dc|K8b52126e|K51852249|Ka7871417|K8e1a72e9|K46cc32f6|Ke4695ee0|K411e1bd1,P13d2dbaa|P4dceb0f7|P2c258dad|P05dc97af|Pdaba1495,P1e91a320
